Status,Precio USD,Area m2,USD/m2,Ambientes,Direccion,Notas,URL
pending,87000,58,1500,3,"Alvarez Jonte 3700","",https://www.zonaprop.com.ar/propiedades/clasificado/veclapin-venta-departamento-3-ambientes-villa-del-parque-59015208.html
rejected,98000,40,2450,2,"Montevideo al 900","",https://www.zonaprop.com.ar/propiedades/clasificado/veclapin-venta-2-ambientes.-excelente-ubicacion-montevideo-a-m-58563876.html
pending,79000,51,1549,2,"AV. Triunvirato al 3000 2°","",https://www.zonaprop.com.ar/propiedades/clasificado/veclapin-semip-en-triunvirato-al-3000-frente-impecable-balcon-56346648.html
pending,98000,67,1463,4,"Juan B Justo  al 3200","",https://www.zonaprop.com.ar/propiedades/clasificado/veclapin-venta-departamento-4-ambientes-en-villa-crespo.-58921533.html
favorite,56000,44,1273,2,"Lascano  al 3800","",https://www.zonaprop.com.ar/propiedades/clasificado/veclapin-departamento-2-ambientes-iluminado-para-refaccionar-59108855.html
pending,89000,48,1854,2,"Navarro al 3300","",https://www.zonaprop.com.ar/propiedades/clasificado/veclapin-muy-buen-departamento-2-ambientes-villa-devoto-por-59082098.html
pending,95000,56,1696,3,"Avenida San Martín 4200","",https://www.zonaprop.com.ar/propiedades/clasificado/veclapin-vta-dpto-3-amb-con-balcon-aptocredito-vdp-58915142.html
rejected,95000,46,2065,2,"Santos Dumont 2475","",https://www.zonaprop.com.ar/propiedades/clasificado/veclapin-venta-departamento-2-ambientes-en-colegiales-57415317.html
rejected,69900,48,1456,2,"Camarones  al 2853","",https://www.zonaprop.com.ar/propiedades/clasificado/veclphin-venta-ph-2-ambientes-villa-santa-rita-sin-expensas-58658614.html
pending,95000,49,1939,2,"CABILDO, AVDA. 200. Entre Matienzo, Benjamin y Dumont, Santos","",https://www.zonaprop.com.ar/propiedades/clasificado/veclapin-venta-departamento-de-2-ambientes-palermo-56898615.html
pending,89000,45,1978,2,"NAZCA AV. 3688. Entre Navarro y Lopez Solano, Fco.","",https://www.zonaprop.com.ar/propiedades/clasificado/veclapin-2-amb.-apto-credito-frente-balcon-muy-58862554.html
pending,80000,42,1905,2,"Paysandu lo al 1800","",https://www.zonaprop.com.ar/propiedades/clasificado/veclapin-dpto-2-amb-con-balcon-muy-luminoso!-exc-ubicacion-59107263.html
pending,93000,49,1898,2,"Ravignani al 1400","",https://www.zonaprop.com.ar/propiedades/clasificado/veclphin-ph-en-palermo-2-ambientes-balcon-terraza-impecable-58960726.html
rejected,94000,60,1567,3,"Adolfo Dickman al 1400","",https://www.zonaprop.com.ar/propiedades/clasificado/veclapin-departamento-paternal-58062017.html
pending,85000,52,1635,2,"José Cubas e/ Emilio Lamarca y San Nicolás","",https://www.zonaprop.com.ar/propiedades/clasificado/veclapin-departamento-en-venta-1-dormitorio-1-bano-52-57958312.html
pending,77000,42,1833,2,"Machain 3000","",https://www.zonaprop.com.ar/propiedades/clasificado/veclapin-departamento-semipiso-en-venta-en-villa-urquiza-58193743.html
rejected,92000,40,2300,2,"Av. Santa fe  al 2900","",https://www.zonaprop.com.ar/propiedades/clasificado/veclapin-departamento-en-venta-en-recoleta-caba.-56919122.html
pending,85000,41,2073,2,"Arenales al 2700 PB","",https://www.zonaprop.com.ar/propiedades/clasificado/veclapin-departamento-venta-recoleta-2-ambientes-patio-58699871.html
rejected,88800,44,2018,3,"Alejandro Magariños Cervantes 1828","",https://www.zonaprop.com.ar/propiedades/clasificado/veclapin-venta-departamento-3-ambientes-en-paternal-torre-con-55403738.html
rejected,89000,44,2023,2,"French al 2900","",https://www.zonaprop.com.ar/propiedades/clasificado/veclapin-departamento-en-venta-56116031.html
pending,77000,46,1674,2,"Bonpland al 2400 Piso 2","",https://www.zonaprop.com.ar/propiedades/clasificado/veclapin-depto-de-2-dorm.-reciclado-en-venta-2do-piso-por-58389876.html
pending,85000,50,1700,3,"Avalos 400","",https://www.zonaprop.com.ar/propiedades/clasificado/veclphin-ph-3-ambientes-super-luminoso-en-paternal!-58309318.html
rejected,100000,47,2128,3,"Vuelta de Obligado al 2600","",https://www.zonaprop.com.ar/propiedades/clasificado/veclapin-belgrano-vuelta-de-obligado-2629-3-amb-2piso-x-58496224.html
pending,90000,58,1552,2,"Gregoria Perez al 3200 PB","",https://www.zonaprop.com.ar/propiedades/clasificado/veclapin-departamento-venta-colegiales-2-amb-patio-58648310.html
pending,86000,56,1536,2,"Fragata Presidente Sarmiento al 2000","",https://www.zonaprop.com.ar/propiedades/clasificado/veclphin-venta-ph-2-ambientes-en-paternal-59043404.html
rejected,98000,44,2227,2,"Av. Nazca al 1400","",https://www.zonaprop.com.ar/propiedades/clasificado/veclapin-departamento-en-venta-2-ambientes-apto-credito-58456419.html
rejected,87000,43,2023,2,"Conde al 700 18°","",https://www.zonaprop.com.ar/propiedades/clasificado/veclapin-departamento-venta-colegiales-2-amb-lavadero-58818375.html
pending,86000,53,1623,3,"Nicasio Oroño al 2300","",https://www.zonaprop.com.ar/propiedades/clasificado/veclapin-departamento-super-luminoso-de-3-ambientes-en-58152300.html
pending,89900,40,2248,2,"Medrano al 1900 3°","",https://www.zonaprop.com.ar/propiedades/clasificado/veclapin-medrano-al-1900-todo-a-nuevo-desayunador-59001953.html
rejected,82500,44,1875,1,"Av. Triunvirato  al 3100","",https://www.zonaprop.com.ar/propiedades/clasificado/veclapin-venta-monoambiente-con-balcon-pileta-sum-landry-58861769.html
pending,97000,55,1764,3,"Ramos Mejia al 1000","",https://www.zonaprop.com.ar/propiedades/clasificado/veclapin-2-cuartos-2-balcones-un-comedor-diario-a-m-del-subte-y-58293564.html
rejected,,95,,3,"Avenida Del Libertador  al 7400","",https://www.zonaprop.com.ar/propiedades/clasificado/veclapin-venta-tres-ambientes-torre-quantum-bellini-nunez-56943427.html
pending,85000,51,1667,2,"Quesada al 5800","",https://www.zonaprop.com.ar/propiedades/clasificado/veclphin-ph-2-ambientes-sin-expensas-57926607.html
pending,86900,52,1671,3,"vera 100","",https://www.zonaprop.com.ar/propiedades/clasificado/veclapin-venta-departamento-3-ambientes-en-villa-crespo-apto-58786463.html
pending,95000,42,2262,2,"Holmberg 4100","",https://www.zonaprop.com.ar/propiedades/clasificado/veclapin-departamento-de-2-ambientes-con-balcon-venta-57354692.html
pending,82000,51,1608,2,"Bauness 2906","",https://www.zonaprop.com.ar/propiedades/clasificado/veclapin-departamento-de-dos-ambientes-apto-credito-en-58276618.html
rejected,98000,44,2227,3,"Charcas 2900","",https://www.zonaprop.com.ar/propiedades/clasificado/veclapin-venta.-apto-credito-dpto-3-ambientes-c-baulera.-58771718.html
pending,99000,50,1980,2,"Mariscal F. Solano López al 3000","",https://www.zonaprop.com.ar/propiedades/clasificado/veclapin-departamento-2-ambientes-57759916.html
pending,90000,66,1364,3,"Joaquin V. González 541","",https://www.zonaprop.com.ar/propiedades/clasificado/veclapin-departamento-de-3-ambientes-con-balcon-en-venta-en-58901471.html
pending,99000,44,2250,2,"Araoz al 2400","",https://www.zonaprop.com.ar/propiedades/clasificado/veclapin-departamento-en-palermo-56327547.html
rejected,86000,40,2150,2,"Avenida Francisco Beiró 4400","",https://www.zonaprop.com.ar/propiedades/clasificado/veclapin-venta-departamento-reciclado-2-ambientes-devoto-58913576.html
rejected,94900,50,1898,3,"Monroe  al 1400","",https://www.zonaprop.com.ar/propiedades/clasificado/veclapin-venta-departamento-3-ambientes-belgrano-apto-credito-58521110.html
rejected,97000,45,2156,22,"Pinto 3200","",https://www.zonaprop.com.ar/propiedades/clasificado/veclapin-departamento-en-venta-en-coghlan-capital-federal-58931889.html
pending,72000,43,1674,3,"Lascano 3100","",https://www.zonaprop.com.ar/propiedades/clasificado/veclphin-venta-ph-3-ambientes-en-villa-del-parque-58951635.html
pending,97190,48,2025,2,"Acevedo al 400","",https://www.zonaprop.com.ar/propiedades/clasificado/veclapin-departamento-en-pozo-en-villa-crespo-56278166.html
pending,95000,65,1462,3,"Apolinario Figueroa al 400","",https://www.zonaprop.com.ar/propiedades/clasificado/veclapin-departamento-en-villa-crespo-58882371.html
pending,79000,50,1580,2,"Rodríguez Peña e/ Avenida Libertador y Posadas","",https://www.zonaprop.com.ar/propiedades/clasificado/veclapin-departamento-en-venta-1-dormitorio-1-bano-recoleta-56994308.html
rejected,79900,109,733,3,"Dr. Luis Belaustegui  al 3400","",https://www.zonaprop.com.ar/propiedades/clasificado/veclphin-venta-ph-3-ambientes-con-terraza-a-refaccionar-59038331.html
pending,85000,40,2125,2,"Elcano 3800","",https://www.zonaprop.com.ar/propiedades/clasificado/veclphin-departamento-ph-en-venta-en-colegiales-capital-56284731.html
rejected,69900,48,1456,2,"Camarones 2851","",https://www.zonaprop.com.ar/propiedades/clasificado/veclphin-venta-ph-2-ambientes-villa-general-mitre-sin-expensas-58658613.html
rejected,100000,40,2500,2,"Avenida Balbín 2354 e/ Avenida Olazábal y Blanco Encalada","",https://www.zonaprop.com.ar/propiedades/clasificado/veclapin-departamento-en-venta-1-dormitorio-1-bano-40-59043775.html
pending,100000,53,1887,2,"Avenida Triunvirato 3176","",https://www.zonaprop.com.ar/propiedades/clasificado/veclapin-venta-de-departamento-de-2-ambientes-en-villa-ortuzar-58274184.html
rejected,78000,45,1733,1,"Remedios de Escalada de San Martin 900","",https://www.zonaprop.com.ar/propiedades/clasificado/veclapin-venta-monoambiente-divisible-apto-credito-59058088.html
pending,82000,43,1907,2,"Crisólogo Larralde 2400","",https://www.zonaprop.com.ar/propiedades/clasificado/veclapin-departamento-2-ambientes-con-lavadero-en-nunez-57599565.html
pending,79000,43,1837,2,"Araoz  al 500","",https://www.zonaprop.com.ar/propiedades/clasificado/veclapin-venta-departamento-2-ambientes-en-villa-crespo-se-58459289.html
pending,98000,48,2042,3,"Santa Fe 5323","",https://www.zonaprop.com.ar/propiedades/clasificado/veclapin-venta-departamento-3-amb-palermo-apto-credito-57340660.html
rejected,100000,44,2273,2,"Bonpland al 1200","",https://www.zonaprop.com.ar/propiedades/clasificado/veclapin-departamento-en-venta-monoambiente-dividido.-moderno.-57126870.html
rejected,95000,45,2111,2,"Virrey Del Pino 2600","",https://www.zonaprop.com.ar/propiedades/clasificado/veclapin-venta-departamento-dos-ambeintes-en-belgrano-58810145.html
pending,89000,54,1648,3,"Muñecas 800","",https://www.zonaprop.com.ar/propiedades/clasificado/veclphin-venta-depto-ph-3-amb.-reciclado-villa-crespo-58998937.html
rejected,86000,42,2048,2,"Avenida Francisco Beiró 4400","",https://www.zonaprop.com.ar/propiedades/clasificado/veclapin-venta-depto-reciclado-2-amb.-devoto-oportunidad-58929217.html
rejected,100000,60,1667,3,"LOPE DE VEGA 3300. Entre Pedro Moran y Cantilo, Jose Luis","",https://www.zonaprop.com.ar/propiedades/clasificado/veclapin-departamento-3-ambientes-venta-villa-devoto-54428107.html
rejected,,987,,,"GAVILAN 4600. Entre Av Mosconi y Gabriela Mistral","",https://www.zonaprop.com.ar/propiedades/clasificado/vecltrin-lote-venta-villa-pueyrredon-54203761.html
pending,76000,41,1854,2,"Pasaje Ariel al 2500","",https://www.zonaprop.com.ar/propiedades/clasificado/veclapin-venta-departamento-2-ambientes-con-baulera-comodo-y-58427929.html
pending,75000,46,1630,2,"URIARTE 1058","",https://www.zonaprop.com.ar/propiedades/clasificado/veclapin-venta-de-departamento-2-ambientes-en-villa-crespo.-con-58871767.html
pending,93000,49,1898,2,"Avenida Francisco Beiró e/ Avenida Lope de Vega y Pedro Calderón de la Barca","",https://www.zonaprop.com.ar/propiedades/clasificado/veclapin-departamento-en-venta-1-dormitorio-1-bano-villa-58557229.html
pending,,230,,5,"Juncal  al 2000","",https://www.zonaprop.com.ar/propiedades/clasificado/veclapin-dpto-en-venta-recoleta-4-dorm.-230-m-sup2--a-reciclar-58563509.html
pending,83000,42,1976,2,"Av. Pueyrredon al 900","",https://www.zonaprop.com.ar/propiedades/clasificado/veclapin-venta.-departamento.-2-ambientes.-luminoso.-recoleta.-57249916.html
pending,90000,48,1875,2,"Teodoro Garcia al 2900","",https://www.zonaprop.com.ar/propiedades/clasificado/veclapin-departamento-en-colegiales-57926111.html
pending,72000,40,1800,2,"Olaguer y Feliu  al 2400","",https://www.zonaprop.com.ar/propiedades/clasificado/veclapin-departamento-2-ambientes-en-venta-belgrano-59038851.html
rejected,92000,40,2300,2,"Federico Lacroze  al 1800","",https://www.zonaprop.com.ar/propiedades/clasificado/veclapin-departamento-en-venta-2-ambientes-luminoso-58181404.html
rejected,96000,42,2286,2,"ARTIGAS 5400. Entre Bazurco y Cochrane","",https://www.zonaprop.com.ar/propiedades/clasificado/veclapin-departamento-2-ambientes-venta-villa-pueyrredon-57789528.html
rejected,84000,40,2100,2,"Monroe al 3600","",https://www.zonaprop.com.ar/propiedades/clasificado/veclapin-alquiler-2-ambientes-temporario-villa-urquiza-58805695.html
pending,84600,57,1484,2,"Mansilla 2900","",https://www.zonaprop.com.ar/propiedades/clasificado/veclapin-dos-ambientes-2-patios-contrafrente-recoleta-58777625.html
rejected,94000,43,2186,2,"Armenia 2231","",https://www.zonaprop.com.ar/propiedades/clasificado/veclapin-venta-depto-2-ambientes-refaccionado-en-palermo-58257495.html
pending,79900,43,1858,3,"Charcas al 4000","",https://www.zonaprop.com.ar/propiedades/clasificado/veclapin-venta-departamento-3-ambientes-a-reciclar-apto-credito-58178562.html
rejected,100000,50,2000,3,"AV NAZCA 3100. Entre Pedro Lozano y Nazarre","",https://www.zonaprop.com.ar/propiedades/clasificado/veclapin-departamento-3-ambientes-venta-villa-del-parque-58704010.html
rejected,,121,,3,"Manuel Ricardo Trelles  al 1900","",https://www.zonaprop.com.ar/propiedades/clasificado/veclphin-ph-en-venta-3-amb-sin-expensas!-1-piso-x-escalera-2-58547056.html
rejected,,296,,5,"Cazadores  al 2200","",https://www.zonaprop.com.ar/propiedades/clasificado/veclapin-venta-penthouse-5-ambientes-vista-al-rio-terraza-58509822.html
pending,90000,57,1579,3,"Tinogasta 3200","",https://www.zonaprop.com.ar/propiedades/clasificado/veclapin-venta-departamento-de-3-ambientes-villa-del-parque-59058106.html
pending,87000,46,1891,2,"Nogoyá al 4400","",https://www.zonaprop.com.ar/propiedades/clasificado/veclapin-departamento-en-venta-en-villa-devoto-caba-58327767.html
rejected,69000,44,1568,2,"Scalabrini Ortiz al 500","",https://www.zonaprop.com.ar/propiedades/clasificado/veclphin-departamento-venta-villa-crespo-2-ambientes-a-56632309.html
pending,74000,49,1510,2,"Zamudio al 4800","",https://www.zonaprop.com.ar/propiedades/clasificado/veclapin-venta-departamento-2-ambientes-villa-pueyrredon-58588322.html
rejected,86000,41,2098,2,"Avenida Juramento 1700","",https://www.zonaprop.com.ar/propiedades/clasificado/veclapin-venta-2-amb-en-belgrano-exc-ubicacion-apto-credito-58864560.html
pending,97000,49,1980,1,"Av. Cordoba  al 3500","",https://www.zonaprop.com.ar/propiedades/clasificado/veclapin-venta-monomabiente-amplio-con-balcon-en-palermo-58728548.html
pending,99000,52,1904,2,"ASUNCION 2200. Entre Caracas y Gavilan","",https://www.zonaprop.com.ar/propiedades/clasificado/veclapin-departamento-2-ambientes-venta-agronomia-58446588.html
pending,94000,45,2089,2,"Uriburu al 1600","",https://www.zonaprop.com.ar/propiedades/clasificado/veclapin-uriburu-y-av-las-heras-57652265.html
pending,79000,45,1756,3,"Mariano Acha al 2400","",https://www.zonaprop.com.ar/propiedades/clasificado/veclphin-ph-3-ambientes-en-villa-urquiza-bajas-expensas-57939143.html
pending,86000,47,1830,3,"Junin al 600","",https://www.zonaprop.com.ar/propiedades/clasificado/veclapin-junin-y-viamonte-58587421.html
pending,99000,46,2152,1,"Remedios de Escalada de san Martin 900","",https://www.zonaprop.com.ar/propiedades/clasificado/veclapin-increible-monoambiente-en-villa-crespo-59069232.html
pending,87000,50,1740,2,"PH en Venta 2 Ambientes Refaccionado. Villa General Mitre","",https://www.zonaprop.com.ar/propiedades/clasificado/veclphin-venta-ph-2-ambientes-villa-general-mitre-58879229.html
rejected,90000,42,2143,2,"Zapata al 100 1°","",https://www.zonaprop.com.ar/propiedades/clasificado/veclapin-t-casa-s-exp-en-zapata-al-100-frente-impecable-58155757.html
rejected,77000,42,1833,2,"av. san Martin  al 4400","",https://www.zonaprop.com.ar/propiedades/clasificado/veclapin-departamento-2-amb-en-agronomia-apto-credito-con-55967590.html
pending,85000,48,1771,2,"Vuelta de Obligado al 2800","",https://www.zonaprop.com.ar/propiedades/clasificado/veclapin-departamento-en-venta-de-2-ambientes-en-belgrano-con-53875246.html
rejected,99000,50,1980,3,"Av Honorio Pueyrredon al 1400","",https://www.zonaprop.com.ar/propiedades/clasificado/veclapin-venta-departamento-3-ambientes-en-villa-crespo-58958841.html
pending,,45,,2,"Remedios de Escalada de San Martín al 2700","",https://www.zonaprop.com.ar/propiedades/clasificado/veclapin-venta-departamento-2-ambientes-en-villa-santa-rita.-58353848.html
rejected,65000,43,1512,1,"Avenida Nazca 2871","",https://www.zonaprop.com.ar/propiedades/clasificado/veclapin-excelente-monoambiente-divisible-apto-credito-y-58133132.html
pending,78000,52,1500,3,"Serrano 400","",https://www.zonaprop.com.ar/propiedades/clasificado/veclapin-departamento-3-ambientes-venta-villa-crespo-58947417.html
rejected,89900,40,2248,2,"Argañaras Y AV. Estado DE Israel","",https://www.zonaprop.com.ar/propiedades/clasificado/veclapin-arganaras-y-av-estado-de-israel-todo-a-nuevo-todo-58617082.html
rejected,99000,50,1980,2,"Luis María Campos  96","",https://www.zonaprop.com.ar/propiedades/clasificado/veclapin-venta-departamento-2-ambientes-las-canitas-58212714.html
rejected,89900,60,1498,3,"Donado  al 800","",https://www.zonaprop.com.ar/propiedades/clasificado/veclapin-venta-departamento-3-ambientes-con-balcon-58707798.html
pending,86000,49,1755,2,"Jose Gervasio Artigas 2900","",https://www.zonaprop.com.ar/propiedades/clasificado/veclapin-departamento-en-venta-2-ambientes-con-balcon-y-cochera-58907880.html
pending,95000,47,2021,2,"Virasoro 2342","",https://www.zonaprop.com.ar/propiedades/clasificado/veclapin-venta-departamento-2-ambientes-con-patio-palermo-57861294.html
pending,77000,46,1674,2,"Bonpland al 2400 Piso 2 (ph)","",https://www.zonaprop.com.ar/propiedades/clasificado/veclphin-ph-con-expensas-2-dorm.-reciclado-por-escalera-venta-58639420.html
pending,96000,47,2043,3,"Av. San Martín 1800","",https://www.zonaprop.com.ar/propiedades/clasificado/veclapin-departamento-3-ambientes-escritorio-o-3-dorm.-56708266.html
rejected,94500,41,2305,2,"Arcos 3200","",https://www.zonaprop.com.ar/propiedades/clasificado/veclapin-departamento-en-venta-en-nunez-capital-federal-58207718.html
rejected,89000,65,1369,2,"Av Forest 1209 Duplicado","",https://www.zonaprop.com.ar/propiedades/clasificado/veclphin-departamento-en-venta-sin-expensas!-2-amb-blcon-al-58748367.html
rejected,75000,55,1364,2,"Juan B. Justo al 2400","",https://www.zonaprop.com.ar/propiedades/clasificado/veclphin-venta-ph-ideal-estudio-grabacion-radio-streaming-58938433.html
rejected,84900,40,2123,2,"Avenida Juan B. Justo 2500","",https://www.zonaprop.com.ar/propiedades/clasificado/veclapin-2-amb-amplio-y-luminoso-c-terraza-comp-exp-bajas-58407053.html
pending,95000,52,1827,2,"Pinto al 3200","",https://www.zonaprop.com.ar/propiedades/clasificado/veclphin-venta-ph-de-2-amb-en-pb-al-frente-en-coghlan-apto-59014896.html
pending,74900,50,1498,2,"Gral Gervasio G de Artigas 2000","",https://www.zonaprop.com.ar/propiedades/clasificado/veclapin-venta-departamento-2-ambientes-luminoso-con-balcon-y-59100485.html
pending,80000,44,1818,1,"Migueletes","",https://www.zonaprop.com.ar/propiedades/clasificado/veclapin-monoambiente-en-venta.-jardin.-en-planta-baja-ideal-58828136.html
pending,87000,52,1673,2,"Av. Alvarez Jonte 1800","",https://www.zonaprop.com.ar/propiedades/clasificado/veclapin-excelente-2-amb-amplio-impecable-con-balcon-vista-57070245.html
rejected,,281,,4,"Migueletes  al 1600","",https://www.zonaprop.com.ar/propiedades/clasificado/veclapin-mirabilia-golf-con-terraza-propia!-57081482.html
rejected,99000,47,2106,2,"Aguilar al 2300","",https://www.zonaprop.com.ar/propiedades/clasificado/veclapin-a-m-del-subte-y-metrobus!-luminoso-2-amb-con-baulera-57727381.html
pending,93000,47,1979,2,"Ricardo Gutierrez 3200","",https://www.zonaprop.com.ar/propiedades/clasificado/veclapin-venta-departamento-2-ambientes-en-villa-del-parque-58937612.html
pending,98500,95,1037,3,"Jose Cubas 2300","",https://www.zonaprop.com.ar/propiedades/clasificado/veclapin-departamento-en-venta-en-villa-urquiza-capital-59084883.html
pending,,58,,2,"Charlone 1400","",https://www.zonaprop.com.ar/propiedades/clasificado/veclapin-venta-2-ambientes-villa-ortuzar-parrilla-propia-58895251.html
pending,83000,43,1930,2,"Uruguay 879","",https://www.zonaprop.com.ar/propiedades/clasificado/veclappa-duplex-elegante-recoleta-dueno-directo-oportunidad-58757067.html
rejected,90000,44,2045,3,"Avenida Raúl Scalabrini Ortiz 2000","",https://www.zonaprop.com.ar/propiedades/clasificado/veclapin-venta-departamento-3-amb-palermo-44-m-sup2--apto-59076891.html
rejected,99000,86,1151,4,"Gral. José Gervasio Artigas 3050, C1417DKE Cdad. Autónoma de Buenos Aires, Argentina, Villa del Parque, Capital Federal, Argentina.","",https://www.zonaprop.com.ar/propiedades/clasificado/veclapin-venta-apto-credito-departamento-de-4-ambientes-en-58644880.html
pending,,83,,3,"Billinghurst 1600","",https://www.zonaprop.com.ar/propiedades/clasificado/veclapin-venta-consultorio-3-amb-c-patio-apto-prof-palermo-58876564.html
rejected,99000,43,2302,2,"Avenida Álvarez Thomas 3200","",https://www.zonaprop.com.ar/propiedades/clasificado/veclapin-departamento-en-venta-2-ambientes-en-villa-urquiza-58872148.html
pending,79900,48,1665,3,"Avenida Juan B. Justo 2633","",https://www.zonaprop.com.ar/propiedades/clasificado/veclapin-3-amb-muy-luminoso!-a-2-cuadras-del-subte-58488173.html
pending,98000,56,1750,3,"Alfredo Bufano 2368","",https://www.zonaprop.com.ar/propiedades/clasificado/veclapin-tres-amb.-amplia-cocina-comedor.-apto-credito-56902458.html
rejected,90000,43,2093,1,"Echeverría 5073","",https://www.zonaprop.com.ar/propiedades/clasificado/veclapin-monoambiente-de-43-m-sup2--con-balcon-58448286.html
pending,93000,50,1860,2,"Amenabar 1200","",https://www.zonaprop.com.ar/propiedades/clasificado/veclapin-venta-2-ambientes-en-belgrano-excelente-ubicacion!-59035861.html
pending,94000,51,1843,2,"Moldes 2925 - PB A || Frente y Patio","",https://www.zonaprop.com.ar/propiedades/clasificado/veclapin-2-ambientes-planta-baja-al-frente-con-patio-muy-58972754.html
rejected,94000,38,2474,1,"Gabriela Mistral 3446","",https://www.zonaprop.com.ar/propiedades/clasificado/veclapin-venta-departamento-monoambiente-divisible-villa-56627309.html
rejected,93900,41,2290,1,"Juan B Justo al 2900","",https://www.zonaprop.com.ar/propiedades/clasificado/veclapin-departamento-en-venta-58607323.html
rejected,99000,45,2200,2,"Pareja 3302. Entre Campana","",https://www.zonaprop.com.ar/propiedades/clasificado/veclapin-departamento-2-ambientes.-pareja-al-3300-58375613.html
pending,95000,56,1696,3,"Pedro Lozano 3280","",https://www.zonaprop.com.ar/propiedades/clasificado/veclapin-venta-dpto-v.-del-parque-3-ambientes-luminoso-y-en-58417136.html
pending,89000,48,1854,2,"jeronimo salguero 1108","",https://www.zonaprop.com.ar/propiedades/clasificado/veclapin-departamento-en-palermo-2-amb-58615596.html
pending,87000,58,1500,3,"Avenida Forest 400","",https://www.zonaprop.com.ar/propiedades/clasificado/veclapin-venta-departamento-3-amb-apto-credito-chacarita-58951950.html
pending,96000,59,1627,3,"Nazarre 3270","",https://www.zonaprop.com.ar/propiedades/clasificado/veclapin-apto-credito.-apto-profesional.-nazarre-3270-1er-55767561.html
rejected,98000,43,2279,2,"Acevedo al 300","",https://www.zonaprop.com.ar/propiedades/clasificado/veclapin-luminoso-2-ambientes-en-el-corazon-de-villa-crespo-59010447.html
rejected,90000,50,1800,3,"Avenida Santa Fe 5075","",https://www.zonaprop.com.ar/propiedades/clasificado/veclapin-impecable-3-ambientes-en-palermo-ubicacion-y-58896777.html
pending,83900,42,1998,3,"DONADO 2200. Entre Avenida olazabal y Mendoza","",https://www.zonaprop.com.ar/propiedades/clasificado/veclapin-venta-departamento-3-amb-a-refaccionar-en-paseo-59080644.html
pending,76500,47,1628,3,"Bahía Blanca 2700","",https://www.zonaprop.com.ar/propiedades/clasificado/veclapin-tres-ambientes-en-venta!-apto-credito!-58101000.html
pending,98000,64,1531,2,"avenida cabildo 4900","",https://www.zonaprop.com.ar/propiedades/clasificado/veclapin-departamento-en-venta-en-nunez-capital-federal-57190815.html
pending,84000,52,1615,2,"Hamburgo 2900","",https://www.zonaprop.com.ar/propiedades/clasificado/veclphin-ph-2-ambientes-en-barrio-exclusivo-parque-chas-apto-58946238.html
pending,98000,43,2279,2,"Manuel Trelles 1900","",https://www.zonaprop.com.ar/propiedades/clasificado/veclapin-manuel-trelles-1900-depto-2-ambientes-a-estrenar-58618170.html
pending,93000,49,1898,2,"Avenida Francisco Beiró 5252","",https://www.zonaprop.com.ar/propiedades/clasificado/veclapin-departamento-2-ambientes-reciclado-a-nuevo!-58632724.html
pending,78990,48,1646,2,"Roosevelt  al 5000","",https://www.zonaprop.com.ar/propiedades/clasificado/veclapin-departamento-en-villa-urquiza-59017150.html
pending,99000,55,1800,3,"Segurola 3200","",https://www.zonaprop.com.ar/propiedades/clasificado/veclapin-oportunidad-en-devoto-3-amb-sum-usd-99k-59078151.html
rejected,87000,40,2175,2,"Avenida Las Heras 2012","",https://www.zonaprop.com.ar/propiedades/clasificado/veclapin-departamento-en-venta-de-2-ambientes-en-recoleta-59105738.html
rejected,95000,40,2375,2,"Aguero  1229 2 C","",https://www.zonaprop.com.ar/propiedades/clasificado/veclapin-departamento-en-recoleta-57072073.html
pending,73000,51,1431,3,"Jorge Newbery al 4500 - Departamento de 3 Ambientes con Balcón y sin Expensas en Venta en Chacarita","",https://www.zonaprop.com.ar/propiedades/clasificado/veclapin-departamento-de-3-ambientes-con-balcon-y-sin-expensas-59022880.html
pending,83000,40,2075,2,"Avenida Lope de Vega 3275","",https://www.zonaprop.com.ar/propiedades/clasificado/veclphin-ph-2-ambientes-sin-expensas.-58602423.html
pending,87000,52,1673,2,"Av. Alvarez Jonte 1800","",https://www.zonaprop.com.ar/propiedades/clasificado/veclapin-espectacular-2-amb-con-balcon.-vista-abierta.-paternal-57070312.html
rejected,,146,,,"Cerrito 1054","",https://www.zonaprop.com.ar/propiedades/clasificado/veclocin-posibilidad-de-venta-o-alquiler!-se-escuchan-ofertas-54427790.html
pending,99000,65,1523,4,"Rojas 1300","",https://www.zonaprop.com.ar/propiedades/clasificado/veclapin-departamento-4-ambientes-zona-cid-campeador-58415462.html
rejected,98000,50,1960,1,"Montañeses al 2200","",https://www.zonaprop.com.ar/propiedades/clasificado/veclapin-departamento-en-venta-en-belgrano-apto-profesional-con-56867841.html
pending,74000,43,1721,2,"Triunvirato al 3500","",https://www.zonaprop.com.ar/propiedades/clasificado/veclphin-excelente-ph-en-villa-urquiza-58118077.html
rejected,,86,,4,"Billinghurst 900","",https://www.zonaprop.com.ar/propiedades/clasificado/veclapin-amplio-depto.-de-4-ambientes-con-dependencia-o-4-49850654.html
pending,84000,49,1714,2,"Concordia 1300. Entre Remedios De Escalada De San Ma y Dr. Luis Belaustegui","",https://www.zonaprop.com.ar/propiedades/clasificado/veclapin-hermoso-dpto-2-ambs-en-villa-santa-rita-56421724.html
pending,89000,51,1745,3,"Av. Constituyentes 5180. Entre Obispo San Alberto y José León Cabezón","",https://www.zonaprop.com.ar/propiedades/clasificado/veclapin-departamento-3-ambientes.-av-constituyentes-al-5100-58873377.html
pending,,49,,3,"Carlos a Lopez 2491","",https://www.zonaprop.com.ar/propiedades/clasificado/veclapin-venta-depto-3-ambientes-al-frente-muy-luminoso.-57111105.html
rejected,84000,41,2049,1,"Riobamba 853","",https://www.zonaprop.com.ar/propiedades/clasificado/veclapin-ambiente-41-m-sup2--soleado-apto-credito-hipotecario-57449376.html
pending,98000,53,1849,2,"Terrada 2000","",https://www.zonaprop.com.ar/propiedades/clasificado/veclapin-semipiso-2-ambientes-y-1-2-a-estrenar-apto-credito-59104331.html
rejected,88000,43,2047,2,"Ruiz Huidobro 3600","",https://www.zonaprop.com.ar/propiedades/clasificado/veclapin-2-ambientes-con-balcon-saavedra-59009449.html
rejected,95000,49,1939,3,"Avenida Corrientes 5065","",https://www.zonaprop.com.ar/propiedades/clasificado/veclapin-luminoso-3-amb-lateral-corrientes-y-araoz-58589662.html
pending,86000,49,1755,2,"Artigas al 2900","",https://www.zonaprop.com.ar/propiedades/clasificado/veclapin-venta-departamento-2-ambientes-c-balcon-villa-del-58942679.html
rejected,,70,,3,"Austria 2250","",https://www.zonaprop.com.ar/propiedades/clasificado/veclapin-departamento-de-66-m-sup2--2-dorm.-c-cochera-en-venta-57063923.html
pending,85000,40,2125,2,"Billinghurst 1265","",https://www.zonaprop.com.ar/propiedades/clasificado/veclapin-venta-oportunidad!-monoambiente-divisible-de-40-58875216.html
pending,95000,58,1638,2,"Campana 2900","",https://www.zonaprop.com.ar/propiedades/clasificado/veclapin-departamento-villa-del-parque-dos-ambientes-patio-59076640.html
pending,99000,64,1547,2,"SANABRIA  3287 1 PISO C","",https://www.zonaprop.com.ar/propiedades/clasificado/veclapin-departamento-2-ambientes-con-dos-patios.-57313812.html
rejected,98500,44,2239,2,"Alvarez Jonte  al 1900","",https://www.zonaprop.com.ar/propiedades/clasificado/veclapin-alvarez-jonte-al-1900-departamentos-2-ambientes-a-56821161.html
rejected,89000,40,2225,2,"Besares al 2300","",https://www.zonaprop.com.ar/propiedades/clasificado/veclapin-departamento-en-venta-56445029.html
pending,100000,54,1852,2,"Gavilán 1800","",https://www.zonaprop.com.ar/propiedades/clasificado/veclapin-excelente-2-amb-com-balcon-terraza-cochera-y-bajas-58193700.html
pending,78000,40,1950,2,"Paraguay al 5400","",https://www.zonaprop.com.ar/propiedades/clasificado/veclapin-2-amb-planta-baja-paraguay-5400-59093568.html
pending,97500,44,2216,2,"Av. Nazca 1440","",https://www.zonaprop.com.ar/propiedades/clasificado/veclapin-venta-a-estrenar-2-amb-villa-santa-rita-apto-credito-56216983.html
pending,77000,40,1925,3,"Av. Juan Bautista Justo 2118","",https://www.zonaprop.com.ar/propiedades/clasificado/vecllcin-venta-local-sobre-av-juan-b.-justo-55755410.html
pending,89000,58,1534,2,"Juan Agustin Garcia 2700","",https://www.zonaprop.com.ar/propiedades/clasificado/veclapin-departamento-en-venta-caba-2-ambientes-con-balcon-59071023.html
pending,65000,40,1625,2,"Artigas al 3000","",https://www.zonaprop.com.ar/propiedades/clasificado/veclapin-venta-departamento-2-amb-en-villa-del-parque-58510485.html
pending,82000,42,1952,2,"Paraguay 2500","",https://www.zonaprop.com.ar/propiedades/clasificado/veclapin-departamento-en-venta-en-recoleta-2-ambientes-y-patio-58633670.html
pending,75000,41,1829,2,"Argerich 1352","",https://www.zonaprop.com.ar/propiedades/clasificado/veclapin-departamento-2-ambientes-en-villa-del-parque-58772694.html
rejected,85000,43,1977,2,"Acevedo 615","",https://www.zonaprop.com.ar/propiedades/clasificado/veclapin-departamento-en-acevedo-600-58375498.html
rejected,99000,53,1868,2,"Ladines 3300","",https://www.zonaprop.com.ar/propiedades/clasificado/veclapin-retasado!-2-ambientes-con-terraza-propia-y-parrilla!-49802686.html
pending,87000,48,1813,2,"Segurola 3292","",https://www.zonaprop.com.ar/propiedades/clasificado/veclapin-villa-devoto-depto-2-ambientes-lateral-super-amplio-58124103.html
pending,98000,46,2130,2,"Sánchez de Bustamante 1650 piso 3","",https://www.zonaprop.com.ar/propiedades/clasificado/veclapin-venta-2-ambientes-balcon-cocina-con-lavadero-58819878.html
rejected,84000,66,1273,3,"Bolivia 1791","",https://www.zonaprop.com.ar/propiedades/clasificado/veclapin-departamento-de-3-ambientes-en-venta-en-villa-gral.-58520245.html
pending,85000,60,1417,3,"Bolivia 2055","",https://www.zonaprop.com.ar/propiedades/clasificado/veclapin-departamento-3-ambientes-en-paternal-58880583.html
rejected,92000,44,2091,1,"Av San Martin  al 4000","",https://www.zonaprop.com.ar/propiedades/clasificado/veclapin-departamento-monoambiente-dividido-en-agronomia-muy-58895880.html
rejected,100000,42,2381,2,"Av. Santa Fe 2800","",https://www.zonaprop.com.ar/propiedades/clasificado/veclapin-departamento-2-ambientes-venta-recoleta-a.-credito-59006659.html
rejected,1,1600,,10,"O´Higgins 1300","",https://www.zonaprop.com.ar/propiedades/clasificado/veclcain-casa-con-jardin-y-cocheras.-estilo-palaciego-52232786.html
pending,79000,50,1580,2,"Pacheco 2600","",https://www.zonaprop.com.ar/propiedades/clasificado/veclapin-apto-credito-2-ambientes-con-patio-en-planta-baja-al-58834943.html
pending,85000,50,1700,1,"Ricardo gutierez 3300","",https://www.zonaprop.com.ar/propiedades/clasificado/veclapin-monoambiente-amplio-con-patio-en-venta-villa-del-55772996.html
pending,78000,40,1950,1,"Argerich 3000","",https://www.zonaprop.com.ar/propiedades/clasificado/veclapin-espectacular-2-ambientes-en-villa-del-parque-57927158.html
pending,95000,40,2375,2,"Avenida Olazábal al 3200","",https://www.zonaprop.com.ar/propiedades/clasificado/veclapin-venta-departamento-2-ambientes-apto-credito-belgrano-59096242.html
rejected,83000,56,1482,2,"Sanabria al 2600","",https://www.zonaprop.com.ar/propiedades/clasificado/veclphin-venta-ph-2-ambientes-con-patio-propio-en-villa-devoto-58495013.html
rejected,98000,43,2279,2,"Trelles 1900","",https://www.zonaprop.com.ar/propiedades/clasificado/veclapin-venta-2-ambientes-con-balcon-a-estrenar!-56006535.html
pending,79800,50,1596,3,"Charcas 4000","",https://www.zonaprop.com.ar/propiedades/clasificado/veclapin-departamento-3-ambientes-botanico-capital-federal-58911908.html
rejected,89900,44,2043,2,"Avenida Pueyrredón 1329","",https://www.zonaprop.com.ar/propiedades/clasificado/veclapin-2-amb-ideal-inversion.-pueyrredon-y-santa-fe-58668090.html
pending,95000,54,1759,2,"Libertad  al 900","",https://www.zonaprop.com.ar/propiedades/clasificado/veclapin-departamento-en-venta-de-2-ambientes-en-recoleta-59082038.html
rejected,97000,40,2425,1,"Beruti al 4400","",https://www.zonaprop.com.ar/propiedades/clasificado/veclapin-departamento-en-venta-reciclado-a-una-cuadra-de-la-58169046.html
pending,98000,53,1849,2,"Terrada al 2019","",https://www.zonaprop.com.ar/propiedades/clasificado/veclapin-departamento-2-a-3-ambientes-a-estrenar-con-balcon-59004152.html
pending,100000,43,2326,3,"Av. Triunvirato al 2900","",https://www.zonaprop.com.ar/propiedades/clasificado/veclapin-departamento-en-venta-villa-ortuzar-3-ambientes-58847991.html
rejected,89500,40,2238,2,"Venta ! Oportunidad !!!  Departamento en Venta en Godoy Cruz  al 2900","",https://www.zonaprop.com.ar/propiedades/clasificado/veclapin-venta-departamento-2-ambientes-luminoso-y-de-bajas-58925927.html
rejected,99000,46,2152,2,"Bahía Blanca 2442","",https://www.zonaprop.com.ar/propiedades/clasificado/veclapin-gran-depto-dos-amb-todo-luz-impecable-estado!-58965241.html
pending,95000,45,2111,2,"Urdininea al 1700","",https://www.zonaprop.com.ar/propiedades/clasificado/veclphin-ph-2-ambientes-en-duplex-muy-luminoso-urdininea-1700-58420668.html
pending,94900,45,2109,3,"Gascon al 1300","",https://www.zonaprop.com.ar/propiedades/clasificado/veclapin-departamento-3-ambientes-oportunidad-58760564.html
rejected,80000,60,1333,2,"Lerma AL 50","",https://www.zonaprop.com.ar/propiedades/clasificado/veclphin-venta-ph-2-ambientes-villa-crespo-58837275.html
pending,82000,44,1864,2,"Justo, Juan B. Av. 2196","",https://www.zonaprop.com.ar/propiedades/clasificado/veclapin-venta-2-amb-tipo-ph-mas-terraza-compartida-57981116.html
rejected,92000,45,2044,3,"Monroe 3129","",https://www.zonaprop.com.ar/propiedades/clasificado/veclapin-departamento-3-ambientes-coghlan-apto-credito!-58496436.html
rejected,96000,47,2043,3,"Av. San Martín 1800","",https://www.zonaprop.com.ar/propiedades/clasificado/veclapin-departamento-3-ambientes-escritorio-o-3-dorm.-56604263.html
pending,89000,49,1816,2,"AV CABILDO 300. Entre B Matienzo y Dumont, Santos","",https://www.zonaprop.com.ar/propiedades/clasificado/veclapin-venta-de-departamento-en-belgrano-58722850.html
pending,99000,58,1707,3,"Jose Pedro Varela 5000","",https://www.zonaprop.com.ar/propiedades/clasificado/veclapin-venta-3-ambientes-villa-devoto-semipiso-58-m-sup2-59058090.html
rejected,88500,62,1427,2,"Remedios DE Escalada DE SAN Martin al 800","",https://www.zonaprop.com.ar/propiedades/clasificado/veclapin-ph-2-ambientes-en-villa-crespo-con-terraza-propia.-59100889.html
pending,86000,58,1483,3,"Ruiz Huidobro al 3600","",https://www.zonaprop.com.ar/propiedades/clasificado/veclphin-bajo-de-precio!-ph-3-ambientes-sin-expensas.-51955314.html
rejected,97000,47,2064,2,"Avenida San Martín 7200","",https://www.zonaprop.com.ar/propiedades/clasificado/veclapin-venta-2-ambientes-al-frente-con-balcon-devoto-58951894.html
pending,85000,46,1848,2,"Mendoza al 5200","",https://www.zonaprop.com.ar/propiedades/clasificado/veclapin-departamento-en-venta-de-2-ambientes-sobre-boulevar-59041336.html
rejected,99800,56,1782,3,"Av. Chivilcoy al 4900","",https://www.zonaprop.com.ar/propiedades/clasificado/veclphin-departamento-1ero-por-escalera-de-3-ambientes-a-56795964.html
pending,95000,55,1727,3,"Argerich al 3600","",https://www.zonaprop.com.ar/propiedades/clasificado/veclphin-ph-3-ambientes-al-frente-con-balcon-en-agronomia-58555189.html
rejected,98000,73,1342,2,"GONZALEZ, JOAQUIN V. 4400. Entre Vallejos y Gutenberg","",https://www.zonaprop.com.ar/propiedades/clasificado/veclapin-reservado-departamento-2-ambientes-venta-villa-devoto-58132250.html
rejected,99800,56,1782,3,"Av. Chivilcoy al 4900","",https://www.zonaprop.com.ar/propiedades/clasificado/veclapin-departamento-1ero-por-escalera-de-3-ambientes-a-56794728.html
favorite,99900,82,1218,3,"Avenida Francisco Beiró 5100","",https://www.zonaprop.com.ar/propiedades/clasificado/veclapin-departamento-3-ambientes-balcon-terraza-lavadero-59069559.html
rejected,1,213,,3,"Figueroa Alcorta 3200","",https://www.zonaprop.com.ar/propiedades/clasificado/veclapin-departamento-en-venta-en-palermo.-le-parc-alcorta.-58340259.html
rejected,85000,42,2024,2,"BOLIVIA 4900. Entre Griveo y Ladines","",https://www.zonaprop.com.ar/propiedades/clasificado/veclapin-reservado-departamento-2-ambientes-en-venta-villa-55626200.html
rejected,58000,40,1450,2,"Espinosa 2117","",https://www.zonaprop.com.ar/propiedades/clasificado/veclapin-departamento-en-venta-55127283.html
rejected,50000,40,1250,2,"Correa al 3600","",https://www.zonaprop.com.ar/propiedades/clasificado/veclapin-venta-saavedra.-2-ambientes-57916807.html
rejected,100000,91,1099,4,"Las Heras 3700","",https://www.zonaprop.com.ar/propiedades/clasificado/vecllcin-local-comercial-mas-oficinas-en-venta-dentro-de-la-47479025.html
pending,79500,52,1529,3,"Padilla al 1000","",https://www.zonaprop.com.ar/propiedades/clasificado/veclapin-departamento-3-ambientes-en-excelente-ubicacion-57324929.html
pending,,64,,3,"Avenida Olazábal 2600","",https://www.zonaprop.com.ar/propiedades/clasificado/veclapin-dptos.-av-olazabal-2600-1-2-o-3-amb.-venta-58425543.html
pending,89900,40,2248,2,"Argañarás","",https://www.zonaprop.com.ar/propiedades/clasificado/veclapin-ph-a-m-de-av-cordoba!-40-m-sup2--u$89.900.-58586221.html
pending,80000,45,1778,2,"Emilio Lamarca al 2100","",https://www.zonaprop.com.ar/propiedades/clasificado/veclapin-departamento-en-villa-del-parque-59025385.html
pending,87000,50,1740,3,"Domingo Romero al 1800","",https://www.zonaprop.com.ar/propiedades/clasificado/veclapin-departamento-en-belgrano-58322076.html
rejected,100000,44,2273,2,"Alvarez Jonte 1900","",https://www.zonaprop.com.ar/propiedades/clasificado/veclapin-venta-departamento-2-ambientes-al-frente!-55785182.html
pending,79000,40,1975,1,"Arenales 1100","",https://www.zonaprop.com.ar/propiedades/clasificado/veclapin-1-amb-40-m-sup2--arenales-1100-58992471.html
pending,65000,50,1300,2,"Av. Alvarez Jonte 2000. Entre Boyaca y Andres Lamas","",https://www.zonaprop.com.ar/propiedades/clasificado/veclapin-departamento-2-ambientes-con-balcon-muy-luminoso-58141621.html
pending,95000,53,1792,3,"Pedro Lozano 4149","",https://www.zonaprop.com.ar/propiedades/clasificado/veclapin-departamento-3-amb-villa-devoto-58714607.html
rejected,70000,40,1750,,"AV SAN MARTIN 4700. Entre Melincue y Artigas, Jose G. De, Gral.","",https://www.zonaprop.com.ar/propiedades/clasificado/vecllcin-local-venta-agronomia-50477398.html
pending,90000,40,2250,2,"Mansilla al 2500","",https://www.zonaprop.com.ar/propiedades/clasificado/veclapin-departamento-dos-ambientes-en-venta-recoleta-59066227.html
rejected,99900,62,1611,3,"PASAJE GIBRALTAR 5400","",https://www.zonaprop.com.ar/propiedades/clasificado/veclphin-pasaje-gibraltar-5400-venta-ph-de-tres-ambientes-en-56884906.html
pending,79000,49,1612,2,"Helguera 3916","",https://www.zonaprop.com.ar/propiedades/clasificado/veclapin-venta-depto-2-amb-en-villa-pueyrredon-57526388.html
rejected,92000,47,1957,,"Iberá 2188","",https://www.zonaprop.com.ar/propiedades/clasificado/vecllcin-local-con-sotano-a-la-venta-nunez-58902845.html
rejected,94900,44,2157,1,"gamarra","",https://www.zonaprop.com.ar/propiedades/clasificado/veclapin-monoambiente-a-estrenar-de-categoria-parque-chas-apto-54576127.html
rejected,,43,,2,"Ecuador 1428","",https://www.zonaprop.com.ar/propiedades/clasificado/veclappa-encantador-y-en-punto-estrategico-de-la-ciudad!-apto-56169856.html
rejected,74500,40,1863,2,"Teniente General Eustoquio Frías 549","",https://www.zonaprop.com.ar/propiedades/clasificado/veclapin-2-ambientes-a-1-cuadra-de-avs-corrientes-y-angel-58814094.html
rejected,99000,46,2152,2,"Avenida Corrientes 4890","",https://www.zonaprop.com.ar/propiedades/clasificado/veclapin-exc-opcion-full-amenities!-ubicacion-estrategica-sobre-54739932.html
pending,96000,52,1846,3,"Avenida San Martin 4200","",https://www.zonaprop.com.ar/propiedades/clasificado/veclapin-departamento-en-venta-en-villa-del-parque-capital-57858363.html
pending,,60,,3,"Armenia","",https://www.zonaprop.com.ar/propiedades/clasificado/veclphpa-ph-3-ambientes-reciclado-a-nuevo-en-palermo-soho-con-59075724.html
pending,94500,60,1575,2,"Avenida Corrientes  al 4900","",https://www.zonaprop.com.ar/propiedades/clasificado/veclapin-departamento-dos-ambientes.-con-patio.-villa-crespo-58693332.html
rejected,94900,48,1977,2,"Av. Corrientes 5500","",https://www.zonaprop.com.ar/propiedades/clasificado/veclapin-oportibidad-venta-departamento-2-ambientes-con-balcon-58859205.html
rejected,95000,43,2209,1,"Estomba 3100","",https://www.zonaprop.com.ar/propiedades/clasificado/veclapin-gran-dpto-1-amb-con-balcon-al-fte-muy-lum.-prox-57821300.html
pending,83000,51,1627,,"ROSETI 1800. Entre Plaza y Holmberg","",https://www.zonaprop.com.ar/propiedades/clasificado/vecllcin-local.-roseti-1800-57206213.html
rejected,89900,62,1450,2,"VALDENEGRO 4500","",https://www.zonaprop.com.ar/propiedades/clasificado/veclphin-venta-ph-2-ambientes-escritorio-saavedra-56346720.html
pending,90000,48,1875,2,"Av. Corrientes 5500","",https://www.zonaprop.com.ar/propiedades/clasificado/veclapin-en-venta-depto-de-2-amb-al-contrafrente-en-villa-58012614.html
pending,96000,60,1600,3,"Juan B Justo 2500","",https://www.zonaprop.com.ar/propiedades/clasificado/veclapin-amplio-3-ambientes-con-balcon-y-muy-luminoso-55098857.html
rejected,61000,44,1386,2,"Terrero al 1300 - 2 amb -  Segundo Piso por Escalera","",https://www.zonaprop.com.ar/propiedades/clasificado/veclapin-terrero-al-1300-2-amb-segundo-piso-por-escalera-58610814.html
rejected,88000,61,1443,3,"Habana 3651","",https://www.zonaprop.com.ar/propiedades/clasificado/veclapin-venta-departamento-3-ambientes-en-villa-devoto-59037768.html
pending,92000,52,1769,3,"Tomás A. Le Bretón 5252","",https://www.zonaprop.com.ar/propiedades/clasificado/veclapin-luminoso-3-ambientes-de-52-m-sup2--lateral-con-baulera-58099259.html
pending,95000,50,1900,2,"HOLMBERG 4100. Entre Paroissien y Vilela","",https://www.zonaprop.com.ar/propiedades/clasificado/veclapin-venta-de-departamento-2-ambientes-en-saavedra-55786022.html
pending,78000,49,1592,2,"CONDARCO 2651. Entre Santo Tome y Arregui 1 7","",https://www.zonaprop.com.ar/propiedades/clasificado/veclapin-departamento-2-ambientes.-condarco-2651-44244746.html
pending,99000,50,1980,2,"Adolfo Carranza 2728","",https://www.zonaprop.com.ar/propiedades/clasificado/veclapin-venta-departamento-2-ambientes-en-villa-del-parque-58514207.html
pending,75000,47,1596,2,"Pje.famailla  al 2700","",https://www.zonaprop.com.ar/propiedades/clasificado/veclapin-departamento-de-2-amb.-en-pb.-patio-59081092.html
pending,90000,48,1875,2,"Thames 654","",https://www.zonaprop.com.ar/propiedades/clasificado/veclapin-thames-654-656-villa-crespo-ideal-inversor.-59039129.html
rejected,94900,46,2063,2,"Avenida Francisco Beiró 3600","",https://www.zonaprop.com.ar/propiedades/clasificado/veclapin-venta-depto-2-amb-devoto-refaccionado-a-nuevo-59009092.html
pending,85000,44,1932,1,"Sanabria 2700","",https://www.zonaprop.com.ar/propiedades/clasificado/veclapin-departamento-de-44-m-sup2--en-venta-en-villa-devoto-57688486.html
pending,,153,,5,"Vidt","",https://www.zonaprop.com.ar/propiedades/clasificado/veclappa-venta-semi-piso-exclusivo-palermo-58890736.html
pending,97900,43,2277,2,"Trelles 1900","",https://www.zonaprop.com.ar/propiedades/clasificado/veclapin-luminoso-2-ambientes-con-balcon-a-estrenar!-55208922.html
pending,75000,40,1875,1,"Sanabria 2625","",https://www.zonaprop.com.ar/propiedades/clasificado/veclapin-departamento-en-venta-en-villa-devoto-con-balcon-57611630.html
rejected,100000,59,1695,3,"Pedro Ignacio Rivera 2400. Entre Ciudad de la paz y Avenida cabildo","",https://www.zonaprop.com.ar/propiedades/clasificado/veclapin-departamento-3-ambientes-con-patio-56625011.html
favorite,95000,73,1301,3,"Desaguadero al 3600","",https://www.zonaprop.com.ar/propiedades/clasificado/veclapin-venta-departamento-3-ambientes-en-pb-al-frente-con-58958822.html
pending,76000,45,1689,2,"Batalla del Pari 903","",https://www.zonaprop.com.ar/propiedades/clasificado/veclphin-ph-2-ambientes-batalla-del-pari-903-57924578.html
rejected,78000,60,1300,3,"Giribone 700","",https://www.zonaprop.com.ar/propiedades/clasificado/veclapin-giribone-717-colegiales-3-amb-en-planta-baja-con-59061846.html
rejected,90000,66,1364,3,"Añasco 2662","",https://www.zonaprop.com.ar/propiedades/clasificado/veclphin-comodo-ph-por-pasillo-con-patio-y-terraza-58310662.html
rejected,,49,,2,"Av. Monroe","",https://www.zonaprop.com.ar/propiedades/clasificado/veclappa-departamento-de-2-ambientes-con-patio-apto-58112657.html
pending,95000,50,1900,2,"Juan Ramirez DE Velazco  al 300","",https://www.zonaprop.com.ar/propiedades/clasificado/veclapin-departamento-apto-profesional-de-dos-ambientes-al-58333891.html
rejected,96000,44,2182,2,"Alvarez Jonte 1920","",https://www.zonaprop.com.ar/propiedades/clasificado/veclapin-venta-oportunidad-de-2-amb-en-paternal-a-estrenar-apto-53490707.html
pending,100000,50,2000,3,"Triunvirato 2860","",https://www.zonaprop.com.ar/propiedades/clasificado/veclapin-departamento-3-amb-con-balcon-al-frente-56862751.html
pending,75000,40,1875,2,"Virrey Loreto 3650","",https://www.zonaprop.com.ar/propiedades/clasificado/veclapin-2-ambientes-en-colegiales-muy-luminoso-excelente-59015244.html
pending,80000,46,1739,2,"Avenida  San Martín 2688","",https://www.zonaprop.com.ar/propiedades/clasificado/veclapin-2-ambientes-al-frente-muy-luminoso-57289668.html
pending,86000,52,1654,3,"Camarones 1440","",https://www.zonaprop.com.ar/propiedades/clasificado/veclapin-camarones-1400-paternal-venta-3-ambientes-57440669.html
pending,98000,63,1556,3,"Avenida Juan B. Justo 6100","",https://www.zonaprop.com.ar/propiedades/clasificado/veclapin-depto-3-amb-en-venta-en-santa-rita-con-toilette-58958317.html
pending,85000,56,1518,3,"gral paz 9062","",https://www.zonaprop.com.ar/propiedades/clasificado/veclapin-departamento-3-amb-venta-villa-real-56669509.html
pending,75000,50,1500,2,"BELAUSTEGUI 3365","",https://www.zonaprop.com.ar/propiedades/clasificado/veclphin-venta-ph-2-amb-villa-santa-rita-con-patio-1-por-56477457.html
rejected,94000,44,2136,2,"SUCRE 2557","",https://www.zonaprop.com.ar/propiedades/clasificado/veclapin-2ambientes-con-lavadero-y-baulera-con-renta-sucre-54529330.html
pending,82000,51,1608,3,"Camargo 1212. Entre Darwin y Humboldt","",https://www.zonaprop.com.ar/propiedades/clasificado/veclapin-venta-departamento-en-villa-crespo-57939992.html
pending,75000,46,1630,3,"Delgado 800. Entre Palpa y Cespedes","",https://www.zonaprop.com.ar/propiedades/clasificado/veclapin-departamento-3-ambientes.-delgado-al-800-58583829.html
pending,87000,40,2175,1,"Caracas 1264","",https://www.zonaprop.com.ar/propiedades/clasificado/veclapin-monoambiente-divisible-c-pileta-parrilla-gimnasio-y-58922542.html
pending,89000,46,1935,2,"SANTA FE AV. 1114. Entre Cerrito y Libertad","",https://www.zonaprop.com.ar/propiedades/clasificado/veclapin-apto-profesional-2-ambientes-amplios-58868121.html
pending,70000,43,1628,2,"San Nicolas 2200","",https://www.zonaprop.com.ar/propiedades/clasificado/veclapin-departamento-en-venta-en-villa-del-parque-capital-58909962.html
favorite,,95,,3,"José Cubas 2370","",https://www.zonaprop.com.ar/propiedades/clasificado/veclappa-oportunidad-venta-de-departamento-58676719.html
pending,92900,50,1858,3,"Gurruchaga al 100","",https://www.zonaprop.com.ar/propiedades/clasificado/veclapin-venta-departamento-3-ambientes-apto-credito-luminoso-58704743.html
pending,75000,49,1531,3,"Fraga 777","",https://www.zonaprop.com.ar/propiedades/clasificado/veclapin-fraga-777-colegiales-3-amb.-luminosos-al-57404638.html
rejected,99000,87,1138,2,"DORREGO, AVDA. 636. Entre Guzman y Rodney","",https://www.zonaprop.com.ar/propiedades/clasificado/veclphin-venta-ph-2-ambientes-dorrego-600-terraza-propia-58631215.html
pending,78000,45,1733,2,"billinghurst 1625","",https://www.zonaprop.com.ar/propiedades/clasificado/veclapin-2-amb-c-patio-56404707.html
rejected,93000,44,2114,2,"Superi al 2300","",https://www.zonaprop.com.ar/propiedades/clasificado/veclapin-hermoso-departamento-2-amb-con-patio-en-venta-58678804.html
rejected,100000,87,1149,4,"DORREGO, AVDA. 636. Entre Guzman y Rodney","",https://www.zonaprop.com.ar/propiedades/clasificado/veclphin-venta-ph-4-ambientes-refaccionar-dorrego-600-dos-58631435.html
pending,96000,52,1846,3,"Grecia 4700","",https://www.zonaprop.com.ar/propiedades/clasificado/veclapin-tres-ambientes-en-venta!-57399894.html
pending,79000,47,1681,2,"Córdoba 6500","",https://www.zonaprop.com.ar/propiedades/clasificado/veclapin-cordoba-6565-colegiales-2-amb.-al-cfte-sin-59061842.html
rejected,,171,,5,"Comuna 15","",https://www.zonaprop.com.ar/propiedades/clasificado/veclphpa-ph-5-amb.-sin-expensas-doble-cochera-2-terrazas-58667723.html
rejected,90000,42,2143,2,"CONESA 767. Entre Av. federico lacroze y Garcia, teodoro","",https://www.zonaprop.com.ar/propiedades/clasificado/veclapin-departamento-2-ambientes.-conesa-767-55920359.html
pending,85000,42,2024,1,"Estomba  al 3800","",https://www.zonaprop.com.ar/propiedades/clasificado/veclapin-departamento-monoambiente-reciclado-todo-a-nuevo-59103799.html
pending,93000,43,2163,2,"Av. Gral. Cesar Diaz 2974","",https://www.zonaprop.com.ar/propiedades/clasificado/veclapin-semi-piso-contra-frente-balcon-luminoso-58855523.html
pending,79000,49,1612,2,"TRES ARROYOS 1204. Entre Paysandu","",https://www.zonaprop.com.ar/propiedades/clasificado/veclapin-venta-de-departamento-2-ambientes-con-terraza-en-58581438.html
rejected,98000,48,2042,2,"Avenida San Martín 2355","",https://www.zonaprop.com.ar/propiedades/clasificado/veclapin-2-ambientes-piso-alto-seg.-24-hs-amenities-58674352.html
pending,85000,52,1635,2,"José Cubas 3600","",https://www.zonaprop.com.ar/propiedades/clasificado/veclapin-venta-depto-2-amb-jose-cubas-villa-devoto-56712337.html
pending,95000,65,1462,3,"Apolinario Figueroa al 400","",https://www.zonaprop.com.ar/propiedades/clasificado/veclapin-venta-departamento-3-ambientes-en-villa-crespo-58142745.html
pending,87000,40,2175,2,"Avda. Cabildo 200","",https://www.zonaprop.com.ar/propiedades/clasificado/veclapin-2-amb.-al-frente-sobre-avda.-cabildo!-59062850.html
rejected,96000,72,1333,3,"Remedios de Escalada de San Martin 2400","",https://www.zonaprop.com.ar/propiedades/clasificado/veclapin-departamento-de-3-ambientes-al-frente-con-balcon-55532963.html
rejected,100000,50,2000,3,"Triunvirato 2860","",https://www.zonaprop.com.ar/propiedades/clasificado/veclphin-excelente-3-amb-con-balcon-al-frente-57115876.html
pending,72000,43,1674,3,"Lascano 3200","",https://www.zonaprop.com.ar/propiedades/clasificado/veclapin-venta-departamento-3-ambientes-villa-del-parque-59020464.html
favorite,89000,68,1309,3,"Montevideo al 600","",https://www.zonaprop.com.ar/propiedades/clasificado/veclapin-excelente-departamento-de-3-ambientes-en-venta!-57171459.html
pending,92000,54,1704,3,"Ciudad de la Paz 2100","",https://www.zonaprop.com.ar/propiedades/clasificado/veclapin-venta-departamento-3-ambientes-belgrano-apto-prof-58828926.html
rejected,92000,45,2044,2,"Zapiola 2300","",https://www.zonaprop.com.ar/propiedades/clasificado/veclapin-2-ambientes-belgrano-r-57314609.html
pending,95000,41,2317,2,"Guemes 3800","",https://www.zonaprop.com.ar/propiedades/clasificado/veclapin-venta-departamento-2-ambientes-con-escritorio-en-58263185.html
pending,89900,40,2248,2,"Venta departamento 2 ambientes Palermo. Apto Crédito!! OPORTUNIDAD!!","",https://www.zonaprop.com.ar/propiedades/clasificado/veclapin-departamento-en-venta-en-palermo-capital-federal-56536806.html
pending,98000,40,2450,2,"Federico Lacroze  al 1800","",https://www.zonaprop.com.ar/propiedades/clasificado/veclapin-venta-dto-2-ambiente-en-la-canitas-58261289.html
rejected,89000,45,1978,2,"Arcos 3100","",https://www.zonaprop.com.ar/propiedades/clasificado/veclapin-venta-departamento-2-ambientes-y-patio-en-nunez-58874368.html
pending,79500,46,1728,3,"Delgado 810","",https://www.zonaprop.com.ar/propiedades/clasificado/veclapin-venta-departamento-de-3-ambientes-en-colegiales-57609805.html
pending,99900,55,1816,3,"Blanco Encalada 2139","",https://www.zonaprop.com.ar/propiedades/clasificado/veclapin-venta-3-ambientes-con-balcon-en-belgrano-oportunidad-58441007.html
rejected,59999,54,1111,3,"Correa  al 3700 Saavedra - Capital Federal","Esta bien el depto, la distribucion y el precio pero el edificio es horrible",https://www.zonaprop.com.ar/propiedades/clasificado/veclapin-venta-departamento-3-ambientes-saavedra-56951179.html
pending,95000,42,2262,2,"Arenales 2500","",https://www.zonaprop.com.ar/propiedades/clasificado/veclcoin-consultorio-venta-2-ambientes-recoleta-59076422.html
pending,75000,40,1875,2,"Jose Gervasio Artigas 3000","",https://www.zonaprop.com.ar/propiedades/clasificado/veclapin-departamento-en-venta-en-villa-del-parque-capital-56363736.html
rejected,90000,48,1875,2,"Sánchez al 2200","",https://www.zonaprop.com.ar/propiedades/clasificado/veclapin-venta-departamento-2-ambientes-48-m-sup2--con-balcon-58024804.html
pending,,211,,4,"Avenida Del Libertador  al 7400","",https://www.zonaprop.com.ar/propiedades/clasificado/veclapin-venta-cuatro-ambientes-con-dep.-de-serv.-torre-56928835.html
pending,95000,52,1827,3,"Domingo Romero  al 1800","",https://www.zonaprop.com.ar/propiedades/clasificado/veclapin-venta-depto-3-amb-belgrano-chico-56719718.html
pending,95900,51,1880,3,"Campana 2800","",https://www.zonaprop.com.ar/propiedades/clasificado/veclapin-vende-3-amb-luminoso-villa-del-parque-apto-credito-58886346.html
pending,63000,41,1537,2,"Av Mosconi 2200","",https://www.zonaprop.com.ar/propiedades/clasificado/veclapin-venta-de-departamento-2-ambientes-villa-pueyrredon.-56818598.html
pending,93000,60,1550,3,"Monroe  al 3600","",https://www.zonaprop.com.ar/propiedades/clasificado/veclapin-venta-departamento-3-ambientes-c-balcon-a-reciclar-58739364.html
pending,95000,49,1939,3,"Av. Corrientes al 5000","",https://www.zonaprop.com.ar/propiedades/clasificado/veclapin-departamento-en-almagro-norte-58716114.html
rejected,96000,44,2182,1,"Thames 207","",https://www.zonaprop.com.ar/propiedades/clasificado/veclapin-venta-departamento-monoambiente-a-estrenar-villa-56064313.html
pending,94000,41,2293,1,"1 Amb Recoleta - Billinghurst al 1200","",https://www.zonaprop.com.ar/propiedades/clasificado/veclapin-amplio-semipiso-monoambiente-divisible-moderno-en-56148553.html
pending,90000,58,1552,3,"Avenida Forest 400","",https://www.zonaprop.com.ar/propiedades/clasificado/veclapin-hermoso-3-amb-con-cocina-sep.-y-luz.-chacarita-59031900.html
pending,73000,47,1553,2,"Caracas 2200","",https://www.zonaprop.com.ar/propiedades/clasificado/veclapin-venta-departamento-en-villa-general-mitre-duplex-59098205.html
rejected,99000,55,1800,2,"Colpayo 400","",https://www.zonaprop.com.ar/propiedades/clasificado/veclapin-colpayo-400-venta-2-ambientes-balcon-caballito-apto-58328509.html
rejected,89999,42,2143,3,"Avenida San Martín 1800","",https://www.zonaprop.com.ar/propiedades/clasificado/veclapin-venta-departamento-3-ambientes-villa-crespo-59029486.html
rejected,72000,40,1800,2,"Olaguer y Feliu  al 2400","",https://www.zonaprop.com.ar/propiedades/clasificado/veclapin-departamento-2-ambientes-en-venta-belgrano-59038846.html
pending,83500,51,1637,3,"Valentín Virasoro 1200","",https://www.zonaprop.com.ar/propiedades/clasificado/veclapin-venta-dpto-3-amb-con-lavadero-villa-crespo-58996953.html
rejected,95000,56,1696,3,"Acevedo 400","",https://www.zonaprop.com.ar/propiedades/clasificado/veclapin-venta-depto-semi-piso-3-amb-con-patio-villa-crespo-58948407.html
pending,95000,42,2262,2,"Arenales 2500","",https://www.zonaprop.com.ar/propiedades/clasificado/veclapin-departamento-venta-2-ambientes-recoleta-c-estudio-59097446.html
rejected,,87,,2,"Av Olazabal al 4800","",https://www.zonaprop.com.ar/propiedades/clasificado/veclapin-departamento-en-venta-en-evoque-olazabal-58374772.html
rejected,70000,45,1556,1,"Luis maria drago 100","",https://www.zonaprop.com.ar/propiedades/clasificado/veclapin-departamento-en-venta-en-villa-crespo-capital-58722927.html
pending,90000,57,1579,1,"Llerena 3100","",https://www.zonaprop.com.ar/propiedades/clasificado/veclapin-venta-monoambiente-patio-amenities-parque-cha-59087157.html
pending,89000,67,1328,3,"Avenida de los Constituyentes 6200","",https://www.zonaprop.com.ar/propiedades/clasificado/veclapin-venta-depto.-3-amb.-villa-pueyrredon-apto-credito-59099747.html
rejected,99000,55,1800,2,"Colpayo 400","",https://www.zonaprop.com.ar/propiedades/clasificado/veclphin-colpayo-400-venta-2-ambientes-balcon-caballito-apto-58328514.html
rejected,95000,43,2209,2,"Pasaje San Benito de Palermo al 1600","",https://www.zonaprop.com.ar/propiedades/clasificado/veclapin-venta-departamento-2-ambientes-en-palermo-las-canitas-58197507.html
pending,85000,48,1771,3,"Gral Jose G. de Artigas  al 2000","",https://www.zonaprop.com.ar/propiedades/clasificado/veclapin-departamento-3-ambientes-y-medio-con-balcon-villa-58047319.html
pending,64900,41,1583,1,"Coronel Apolinario Figueroa 500","",https://www.zonaprop.com.ar/propiedades/clasificado/veclapin-departamento-uso-profesional-venta-villa-crespo-58848220.html
pending,92900,54,1720,2,"Alfredo R Bufano 2100","",https://www.zonaprop.com.ar/propiedades/clasificado/veclphin-venta-ph-2-ambientes-con-patio-bajas-expensas-apto-58984326.html
rejected,62000,54,1148,3,"San Nicolas 2272","",https://www.zonaprop.com.ar/propiedades/clasificado/veclphin-venta-ph-3-ambientes-villa-del-parque.-con-patio-sin-58621990.html
pending,99000,54,1833,3,"Avenida Lincoln 4629","",https://www.zonaprop.com.ar/propiedades/clasificado/veclapin-venta-departamento-3-ambientes-planta-baja-en-villa-58996976.html
rejected,95000,41,2317,2,"CABILDO 2100. Entre Juramento y Mendoza","",https://www.zonaprop.com.ar/propiedades/clasificado/veclocin-oppel-oficina-en-venta-belgrano-capital-federal-58656817.html
pending,80000,43,1860,2,"AV Cabildo  al 2300","",https://www.zonaprop.com.ar/propiedades/clasificado/veclphin-venta-ph-2-amb-bajas-expensas-subte-d-metrobus-56770885.html
rejected,90000,42,2143,2,"Marcos Sastre 3000","",https://www.zonaprop.com.ar/propiedades/clasificado/veclapin-2-ambientes-amenities-ap-credito-villa-del-parque-58845331.html
pending,88000,45,1956,2,"Humboldt al 500","",https://www.zonaprop.com.ar/propiedades/clasificado/veclapin-departamento-en-venta-2-ambientes-en-villa-crespo-55248312.html
pending,89500,44,2034,3,"Aguirre 0","",https://www.zonaprop.com.ar/propiedades/clasificado/veclapin-venta-con-renta-departamento-3-amb-villa-crespo-58948728.html
pending,72000,45,1600,1,"Laprida al 1500","",https://www.zonaprop.com.ar/propiedades/clasificado/veclapin-departamento-monoambiente-en-recoleta-58960100.html
pending,100000,99,1010,2,"Bolivia  al 1300","",https://www.zonaprop.com.ar/propiedades/clasificado/veclphin-venta-ph-2-ambientes-escritorio-y-terraza-propia-apto-59084659.html
rejected,94000,41,2293,2,"Avenida Cabildo 4300","",https://www.zonaprop.com.ar/propiedades/clasificado/veclapin-venta-dpto.-2-amb.-lumin-a-prof.-40-52-m-sup2--59056385.html
pending,73000,47,1553,2,"Caracas 2200","",https://www.zonaprop.com.ar/propiedades/clasificado/veclphin-venta-ph-en-vilal-general-mitre-duplex-59098210.html
rejected,88000,42,2095,2,"Avenida Luis María Campos 1400","",https://www.zonaprop.com.ar/propiedades/clasificado/veclapin-belgrano-venta-2-amb.-2do-piso-por-escalera-59008490.html
rejected,98000,47,2085,3,"Avenida Corrientes 5900","",https://www.zonaprop.com.ar/propiedades/clasificado/veclapin-departamento-en-venta-en-villa-crespo-capital-58724300.html
pending,85000,46,1848,2,"Pujol 1300","",https://www.zonaprop.com.ar/propiedades/clasificado/veclapin-caballito-2-amb-46-m-sup2--depto-balcon-apto-credito-58837005.html
rejected,99000,49,2020,2,"Laprida 1358","",https://www.zonaprop.com.ar/propiedades/clasificado/veclapin-venta-departamento-2-ambientes-en-recoleta-55864910.html
pending,89000,55,1618,3,"Pedro Lozano 3600","",https://www.zonaprop.com.ar/propiedades/clasificado/veclapin-dpto.-3-amb.-en-venta-en-villa-del-parque-luminoso-59024666.html
pending,84000,48,1750,3,"Avenida Raúl Scalabrini Ortiz 400","",https://www.zonaprop.com.ar/propiedades/clasificado/veclapin-venta-3-amb-villa-crespo-58623290.html
rejected,88000,44,2000,1,"Riobamba al 800","",https://www.zonaprop.com.ar/propiedades/clasificado/veclapin-departamento-en-recoleta-57477350.html
pending,75000,44,1705,2,"Av. Angel Gallardo al 200","",https://www.zonaprop.com.ar/propiedades/clasificado/veclapin-departamento-2-ambientes-en-villa-crespo-58959892.html
pending,89000,42,2119,2,"Avenida Medrano 1037, Ciudad Autónoma de Buenos Aires, Argentina","",https://www.zonaprop.com.ar/propiedades/clasificado/veclapin-departamento-2-ambientes-palermo-lavadero-59052709.html
pending,85000,45,1889,2,"Humboldt 500","",https://www.zonaprop.com.ar/propiedades/clasificado/veclapin-venta-departamento-2-amb-villa-crespo-59052311.html
pending,,53,,1,"Av Olazabal al 4800","",https://www.zonaprop.com.ar/propiedades/clasificado/veclapin-venta-o-alquiler-departamento-monoambiente-en-villa-56707184.html
rejected,69999,82,854,,"Avenida Cabildo 2000","",https://www.zonaprop.com.ar/propiedades/clasificado/vecllcin-venta-local-80-m-sup2--galeria-los-andes-belgrano-59078109.html
rejected,85000,41,2073,2,"Avenida Luis María Campos 2 D 1500","",https://www.zonaprop.com.ar/propiedades/clasificado/veclapin-venta-depto-2-ambientes-belgrano-excelente-zona-58972932.html
pending,,52,,2,"Montañeses  al 3100","",https://www.zonaprop.com.ar/propiedades/clasificado/veclapin-venta-departamento-2-ambientes-nunez-con-cochera-56963255.html
rejected,85000,43,1977,2,"Av. San Martin  al 3000","",https://www.zonaprop.com.ar/propiedades/clasificado/veclapin-departamento-en-paternal-58722189.html
pending,95000,49,1939,2,"CABILDO, AVDA. 200. Entre Matienzo, Benjamin y Dumont, Santos","",https://www.zonaprop.com.ar/propiedades/clasificado/veclapin-venta-departamento-de-2-ambientes-belgrano-56851237.html
pending,85000,58,1466,3,"TRES ARROYOS 3214 3214","",https://www.zonaprop.com.ar/propiedades/clasificado/veclapin-venta-departamento-3-ambientes-con-balcon-santa-rita-59010591.html
rejected,100000,40,2500,2,"Av. Triunvirato al 4200 Entre Av. Juramento y Echeverria","",https://www.zonaprop.com.ar/propiedades/clasificado/veclapin-departamento-2-ambientes-venta-villa-urquiza-58746738.html
rejected,100000,48,2083,2,"Juncal 800","",https://www.zonaprop.com.ar/propiedades/clasificado/veclapin-venta-departamento-2-ambientes-seguridad-24-hs.-58770948.html
pending,99500,44,2261,3,"Pasaje Achega 2900","",https://www.zonaprop.com.ar/propiedades/clasificado/veclapin-venta-departamento-villa-urquiza-3-ambientes-59031596.html
rejected,95000,44,2159,2,"Charcas 5100","",https://www.zonaprop.com.ar/propiedades/clasificado/veclapin-venta-departamento-2-ambientes-en-palermo-58903244.html
rejected,71000,55,1291,2,"Zabala 4000","",https://www.zonaprop.com.ar/propiedades/clasificado/veclapin-venta-depto-2amb-apto-credito-c-balcon-chacarita-58947974.html
pending,74000,43,1721,2,"Juan Agustín García 2700","",https://www.zonaprop.com.ar/propiedades/clasificado/veclapin-departamento-2-amb.-venta-villa-santa-rita-apc-59007925.html
favorite,75000,52,1442,3,"Tinogasta 3800","",https://www.zonaprop.com.ar/propiedades/clasificado/veclapin-departamento-3-ambientes-en-venta-en-villa-devoto-59058043.html
rejected,70000,45,1556,2,"Luis maria drago 100","",https://www.zonaprop.com.ar/propiedades/clasificado/veclapin-departamento-en-venta-en-villa-crespo-capital-58723024.html
rejected,65000,45,1444,2,"Suipacha  al 900 (M. T. de Alvear y Paraguay)","",https://www.zonaprop.com.ar/propiedades/clasificado/veclapin-venta-2-ambientes-apto-profesional-vivienda-u-58837010.html
rejected,99000,53,1868,1,"Av. San Martín  al 6500","",https://www.zonaprop.com.ar/propiedades/clasificado/veclapin-departamento-en-venta-en-villa-devoto-58207277.html
pending,85000,46,1848,2,"Manuel Ricardo Trelles  al 2100","",https://www.zonaprop.com.ar/propiedades/clasificado/veclapin-departamento-en-paternal-2-ambientes-a-m-de-av-san-58573654.html
rejected,98000,44,2227,2,"Superí 3500","",https://www.zonaprop.com.ar/propiedades/clasificado/veclapin-venta-depto-2-amb-c-balcon-saavedra-58904642.html
rejected,,267,,4,"Avenida Del Libertador  al 7400","",https://www.zonaprop.com.ar/propiedades/clasificado/veclapin-venta-cuatro-ambientes-con-dep.-de-serv.-torre-56911042.html
rejected,93000,66,1409,3,"Sanabria al 3200","",https://www.zonaprop.com.ar/propiedades/clasificado/veclapin-venta-departamento-en-villa-devoto-3-ambientes-con-57812733.html
pending,90000,61,1475,2,"Pedro Ignacio Rivera al 5200","",https://www.zonaprop.com.ar/propiedades/clasificado/veclapin-venta-villa-urquiza-depto-reciclado-57057153.html
pending,86000,43,2000,2,"Amenabar 600","",https://www.zonaprop.com.ar/propiedades/clasificado/veclphin-venta-ph-2-ambientes-luminoso-belgrano-58989256.html
pending,99000,55,1800,3,"Pasaje Manuel Sola 4400","",https://www.zonaprop.com.ar/propiedades/clasificado/veclapin-venta-depto-3-amb-frente-balcon-pura-luz-apto-cred-58934326.html
pending,79000,46,1717,2,"Gutenberg 3000","",https://www.zonaprop.com.ar/propiedades/clasificado/veclapin-departamento-venta-2-ambientes-terraza-agronomia-58962686.html
pending,90000,48,1875,2,"Sánchez al 2200","",https://www.zonaprop.com.ar/propiedades/clasificado/veclapin-venta-departamento-2-ambientes-48-m-sup2--con-balcon-58024810.html
pending,81000,44,1841,2,"Zamudio al 5400","",https://www.zonaprop.com.ar/propiedades/clasificado/veclphin-ph-en-2do-piso-por-escalera-de-2-ambientes-con-balcon-59052540.html
pending,,75,,3,"Pasaje San Benito de Palermo 1600","",https://www.zonaprop.com.ar/propiedades/clasificado/veclapin-venta-departamento-3-y-1-2-ambientes-las-canitas-59101906.html
rejected,90000,48,1875,2,"Sánchez al 2200","",https://www.zonaprop.com.ar/propiedades/clasificado/veclapin-venta-departamento-2-ambientes-48-m-sup2--con-balcon-58024805.html
pending,90000,50,1800,3,"San Blas 2300","",https://www.zonaprop.com.ar/propiedades/clasificado/veclapin-venta-3-ambientes-villa-gral.-mitre-con-balcon-59055083.html
pending,99900,45,2220,3,"Avenida Melián 3200","",https://www.zonaprop.com.ar/propiedades/clasificado/veclapin-venta-3-ambientes-piso-alto-luminoso-vista-coghlan-59076367.html
pending,78000,44,1773,2,"Alvarez Jonte  al 1800","",https://www.zonaprop.com.ar/propiedades/clasificado/veclapin-departamento-de-2-amb.-con-vista-abierta-en-villa-58904940.html
rejected,90000,45,2000,2,"Av.Juan B Justo 5727","",https://www.zonaprop.com.ar/propiedades/clasificado/veclapin-dos-ambientes-con-balcon-en-venta-en-villa-santa-rita-50089170.html
pending,89000,49,1816,2,"Santos Dumont al 2500 Entre Zapata y Ciudad de la Paz","",https://www.zonaprop.com.ar/propiedades/clasificado/veclapin-departamento-en-venta-en-palermo-hollywood.-2-57812025.html
rejected,95000,41,2317,3,"Laprida al 1100","",https://www.zonaprop.com.ar/propiedades/clasificado/veclapin-departamento-en-recoleta-55876513.html
rejected,80000,45,1778,1,"TRIUNVIRATO, AV. 2900. Entre Estomba","",https://www.zonaprop.com.ar/propiedades/clasificado/veclapin-venta-monoambiente-con-balcon-contrafrente.-villa-49603304.html
pending,95000,53,1792,3,"Manuel  Ricardo Trelles al 2100 P2","",https://www.zonaprop.com.ar/propiedades/clasificado/veclapin-3-ambientes-con-balcon-al-contrafrente-56715390.html
pending,95000,57,1667,1,"Mario Bravo 1000","",https://www.zonaprop.com.ar/propiedades/clasificado/veclapin-venta-amplio-monoambiente-con-balcon-en-palermo-59099949.html
pending,72000,40,1800,1,"Parana al 833","",https://www.zonaprop.com.ar/propiedades/clasificado/veclapin-departamento-monoambiente-en-venta-recoleta-capital-56703068.html
pending,,68,,3,"Gregoria Pérez 3500","",https://www.zonaprop.com.ar/propiedades/clasificado/veclapin-venta-3-amb-frente-balcon-amenities-chacarita-58947828.html
rejected,99000,46,2152,3,"Mario Bravo 1200","",https://www.zonaprop.com.ar/propiedades/clasificado/veclapin-venta-en-palermo-3-ambientes-super-luminoso-59029620.html
pending,63000,40,1575,2,"Avenida Juan B. Justo 3900","",https://www.zonaprop.com.ar/propiedades/clasificado/veclapin-venta-2-1-2-amb-ap.-cred.-prof.-villa-crespo-58916454.html
pending,74000,41,1805,2,"Campana 4100","",https://www.zonaprop.com.ar/propiedades/clasificado/veclapin-venta-departamento-2-amb-apto-credito-villa-devoto-59087029.html
pending,87000,44,1977,2,"Juan Agustin Garcia al 2600 Entre Pernambuco y Condarco","",https://www.zonaprop.com.ar/propiedades/clasificado/veclapin-departamento-2-ambientes-venta-villa-del-parque-58746785.html
rejected,89999,65,1385,2,"Alvarez Jonte 2053","",https://www.zonaprop.com.ar/propiedades/clasificado/veclphin-hermoso-ph-2-ambientes-reciclado-a-la-venta-en-56824626.html
pending,89000,57,1561,2,"San Blas","",https://www.zonaprop.com.ar/propiedades/clasificado/veclapin-san-blas-2600-departamento-2-ambientes-con-patio-58194900.html
pending,70000,40,1750,3,"Camarones al 2900 P1","",https://www.zonaprop.com.ar/propiedades/clasificado/veclphin-ph-3-ambientes-sin-expensas-55762274.html
pending,79900,51,1567,2,"Acevedo 300","",https://www.zonaprop.com.ar/propiedades/clasificado/veclapin-gran-dos-ambientes-semipiso-51-mluminoso-contrafrente-57744585.html
pending,90000,49,1837,2,"Valdenegro 4530","",https://www.zonaprop.com.ar/propiedades/clasificado/veclphin-ph-2-amb-al-medio-en-saavedra-58783705.html
pending,,57,,2,"Av. del Libertador 7700","",https://www.zonaprop.com.ar/propiedades/clasificado/veclapin-departamento-2-ambientes-cochera-torre-amenities-en-58982078.html
pending,72000,47,1532,2,"Pasaje Pinto al 3200","",https://www.zonaprop.com.ar/propiedades/clasificado/veclphin-venta-departamento-tipo-ph-2-ambientes-coghlan-58448956.html
rejected,87000,40,2175,2,"Bulnes 1800","",https://www.zonaprop.com.ar/propiedades/clasificado/veclapin-dos-ambientes-en-palermo-muy-cerca-de-plaza-guadalupe-58033238.html
pending,85000,51,1667,2,"Miller 2500","",https://www.zonaprop.com.ar/propiedades/clasificado/veclapin-venta-departamento-2-ambientes-en-villa-urquiza-59048507.html
pending,95000,57,1667,1,"Mario Bravo 1000, Ciudad Autónoma de Buenos Aires","",https://www.zonaprop.com.ar/propiedades/clasificado/veclapin-amplio-monoambiente-c-balcon-todo-sol-palermo-56148788.html
pending,92000,45,2044,1,"Thames 200","",https://www.zonaprop.com.ar/propiedades/clasificado/veclapin-monoambiente-en-venta-villa-crespo-apto-credito-59055852.html
rejected,75000,55,1364,2,"Charcas 4700","",https://www.zonaprop.com.ar/propiedades/clasificado/veclapin-departamento-charcas-473o-con-patio-a-refaccionar-58787772.html
pending,84000,43,1953,2,"Pico 1701","",https://www.zonaprop.com.ar/propiedades/clasificado/veclapin-nunez-reservado-reservado-reservado-reservado-58118655.html
pending,98000,45,2178,3,"San Luis  al 2900","",https://www.zonaprop.com.ar/propiedades/clasificado/veclapin-departamento-en-venta-3-ambientes-luminoso-en-exelente-58855428.html
pending,,51,,2,"Juan María Gutiérrez 2775","",https://www.zonaprop.com.ar/propiedades/clasificado/veclapin-departamento-en-venta-2-amb.-austria-y-gutierrez-56371950.html
rejected,99900,42,2379,2,"Avenida Córdoba 3600","",https://www.zonaprop.com.ar/propiedades/clasificado/veclapin-venta-depto-2amb-financia-cuotas-oportunidapalermo-59033277.html
pending,99000,42,2357,2,"OLAGUER Y FELIU, VIRREY 2400. Entre Cabildo, Avda. y Ciudad De La Paz","",https://www.zonaprop.com.ar/propiedades/clasificado/veclapin-departamento-2-ambientes.-olaguer-y-feliu-virrey-al-59103824.html
rejected,90000,48,1875,2,"José A. Cabrera 3300","",https://www.zonaprop.com.ar/propiedades/clasificado/veclapin-venta-departamento-de-2-ambientes-en-recoleta-58951739.html
pending,,44,,2,"Avenida Olazábal 3100","",https://www.zonaprop.com.ar/propiedades/clasificado/veclapin-venta-2-amb.-con-balcon-y-bajas-expensas!-59081911.html
pending,98000,58,1690,3,"MALABIA 200. Entre Camargo y Padilla","",https://www.zonaprop.com.ar/propiedades/clasificado/veclapin-departamento-3-ambientes.-malabia-200-58993637.html
rejected,85000,63,1349,3,"Alvarez Prado 2500","",https://www.zonaprop.com.ar/propiedades/clasificado/veclapin-departamento-3-ambientes-impecable-estado-barrio-57295083.html
rejected,82000,42,1952,2,"Dirección no informada","",https://www.zonaprop.com.ar/propiedades/clasificado/veclapin-plaza-2700-56581588.html
rejected,100000,49,2041,3,"Juramento 5800","",https://www.zonaprop.com.ar/propiedades/clasificado/veclapin-venta-depto.-3-amb.-en-villa-urquiza-reciclado-59031742.html
pending,82500,45,1833,2,"Avenida Francisco Beiró 2503","",https://www.zonaprop.com.ar/propiedades/clasificado/veclapin-regio-2-ambientes-c-lavadero-y-baulera.-excelente-58995255.html
pending,99000,53,1868,3,"GENERAL CESAR DIAZ 1850","",https://www.zonaprop.com.ar/propiedades/clasificado/veclphin-venta-de-ph-3-amb-en-caba-56707457.html
rejected,63000,40,1575,2,"Artigas 3000. Entre Melincue y Nogoyá","",https://www.zonaprop.com.ar/propiedades/clasificado/veclapin-artigas-3000-villa-del-parque-2amb-u$63.000-58807744.html
pending,85000,46,1848,3,"Zado 3629","",https://www.zonaprop.com.ar/propiedades/clasificado/veclapin-departamento-en-venta-en-villa-urquiza-58091474.html
rejected,91000,62,1468,2,"Terrero 2583","",https://www.zonaprop.com.ar/propiedades/clasificado/veclphin-apto-credito-ph-de-53-m-sup2--con-1-dormitorio-a-la-57739522.html
pending,79000,41,1927,2,"PARAGUAY 2957 PSO. 6","",https://www.zonaprop.com.ar/propiedades/clasificado/veclapin-venta-de-dto.-de-dos-amb.-en-recoleta-51613318.html
pending,81900,42,1950,1,"CERVIÑO","",https://www.zonaprop.com.ar/propiedades/clasificado/veclapin-cervino-y-av-coronel-diaz-hermoso-y-nuevo-mono-56293306.html
rejected,75000,54,1389,3,"Avenida Juan B. Justo 4500","",https://www.zonaprop.com.ar/propiedades/clasificado/veclapin-venta-3amb-villa-gral.-mitre-frente-c-balcon-58761875.html
pending,70000,45,1556,2,"Cuenca 3456","",https://www.zonaprop.com.ar/propiedades/clasificado/veclapin-excelente-departamento-2-ambientes-amplios!-56345862.html
pending,90000,61,1475,3,"Pacheco de Melo 1869","",https://www.zonaprop.com.ar/propiedades/clasificado/veclapin-3-ambientes-excelente-ubicacion-56172384.html
pending,71900,43,1672,2,"Avenida Teniente General Donato Álvarez 2127","",https://www.zonaprop.com.ar/propiedades/clasificado/veclapin-departamento-2-ambientes-interno-grande-y-luminoso!-56980606.html
pending,99000,56,1768,3,"Cesar Diaz al 1800","",https://www.zonaprop.com.ar/propiedades/clasificado/veclphin-venta-ph-3-amb-58512922.html
pending,85000,48,1771,3,"Gutenberg al 2800","",https://www.zonaprop.com.ar/propiedades/clasificado/veclapin-venta-depto.-3-ambientes-en-agronomia-58124624.html
rejected,,143,,,"Honduras","",https://www.zonaprop.com.ar/propiedades/clasificado/vecllcin-excelente-local-apto-todo-rubro-57431211.html
rejected,89000,73,1219,3,"Santo Tome 4700","",https://www.zonaprop.com.ar/propiedades/clasificado/veclphin-ph-en-monte-castro-56470214.html
pending,95000,48,1979,2,"Doctor Luis Beláustegui 600","",https://www.zonaprop.com.ar/propiedades/clasificado/veclapin-departamento-2-amb-venta-apto-credito-v.-crespo-58889379.html
rejected,74000,40,1850,2,"Marcelo Torcuato de Alvear 2000","",https://www.zonaprop.com.ar/propiedades/clasificado/veclapin-loft-en-venta-2-ambientes-recoleta-bajas-expensas-59069467.html
pending,78000,42,1857,2,"Aráoz 282","",https://www.zonaprop.com.ar/propiedades/clasificado/veclapin-departamento-de-42-m-sup2--con-1-dormitorio-en-venta-59096496.html
rejected,89000,65,1369,2,"Av Forest 1209","",https://www.zonaprop.com.ar/propiedades/clasificado/veclapin-departamento-en-venta-sin-expensas!-2-amb-blcon-al-58193779.html
pending,75000,43,1744,2,"Ciudad de la paz","",https://www.zonaprop.com.ar/propiedades/clasificado/veclapin-venta-departamento-2-amb.-en-ciudad-de-la-paz-55982745.html
pending,96000,53,1811,3,"Avenida San Martin al 4200","",https://www.zonaprop.com.ar/propiedades/clasificado/veclapin-gran-departamento-tres-ambientes-en-villa-del-parque-59095279.html
pending,93000,46,2022,2,"IBERA 2300. Entre Ciudad De La Paz y Cabildo","",https://www.zonaprop.com.ar/propiedades/clasificado/veclapin-oportunidad-venta-2-ambientes-escucha-oferta-54175405.html
pending,85000,44,1932,2,"Ángel Justiniano Carranza 2200","",https://www.zonaprop.com.ar/propiedades/clasificado/veclapin-venta-dpto-2-amb-palermo-hollywood-a-refaccionar-59037439.html
rejected,99500,42,2369,1,"Uriburu 1468. Entre French y Peña","",https://www.zonaprop.com.ar/propiedades/clasificado/veclapin-venta-de-monoambiente-en-recoleta-apto-credito-59045032.html
rejected,96000,45,2133,2,"Remedios de Escalada de san Martin  al 2700","",https://www.zonaprop.com.ar/propiedades/clasificado/veclapin-venta-departamento-2-ambientes-con-balcon-y-cochera-en-56919489.html
pending,85000,53,1604,2,"Avenida Albarellos 3180","",https://www.zonaprop.com.ar/propiedades/clasificado/veclapin-departamento-en-venta-en-duplex-edificio-3-plantas-57024205.html
rejected,100000,44,2273,1,"Avenida Santa Fe 1984","",https://www.zonaprop.com.ar/propiedades/clasificado/veclapin-venta-departamento-3-ambientes-en-recoleta-sobre-av-58674560.html
rejected,98000,43,2279,2,"Trelles 1900. Entre Camarones y Alejandro MargariÑos Cervantes","",https://www.zonaprop.com.ar/propiedades/clasificado/veclapin-trelles-1900-villa-g.-mitre-2amb-desde-u$98.000-apto-47045858.html
rejected,90000,61,1475,3,"Oportunidad! Dos Ambientes en Venta. Pacheco de Melo al 1800","",https://www.zonaprop.com.ar/propiedades/clasificado/veclapin-departamento-3-ambientes-en-recoleta-59035926.html
pending,92000,41,2244,2,"Raúl Scalabrini Ortiz 2100","",https://www.zonaprop.com.ar/propiedades/clasificado/veclapin-departamento-en-venta-en-palermo-soho-2-ambientes-58587951.html
rejected,95000,46,2065,2,"Nogoya al 4500","",https://www.zonaprop.com.ar/propiedades/clasificado/veclapin-alquiler-departamento-de-2-amb-con-balcon-59040097.html
rejected,100000,45,2222,2,"Soler 3500","",https://www.zonaprop.com.ar/propiedades/clasificado/veclapin-palermo-2-ambientes-refaccionado-funcional-y-58014827.html
rejected,90000,150,600,6,"Libertador 4000","",https://www.zonaprop.com.ar/propiedades/clasificado/veclapin-compro-propiedad-en-caba-59089560.html
rejected,89000,78,1141,3,"ARTIGAS, JOSE G. DE, GRAL. 3000. Entre Nogoya y Melincue","",https://www.zonaprop.com.ar/propiedades/clasificado/veclapin-venta-3-ambientes-en-villa-del-parque-58378819.html
rejected,1700,102,17,1,"Gallo 1000","",https://www.zonaprop.com.ar/propiedades/clasificado/veclapin-departamento-tipo-loft-patio-apto-credito-59069530.html
pending,81500,44,1852,2,"Av. Juan B. Justo 4075","",https://www.zonaprop.com.ar/propiedades/clasificado/veclapin-paternal-2-ambientes-frente-apto-profesional-58859670.html
favorite,89000,61,1459,2,"Álvarez Jonte 3822","",https://www.zonaprop.com.ar/propiedades/clasificado/veclapin-excelente-2-ambientes-frente-al-frente-con-balcon-y-58978885.html
pending,89000,54,1648,2,"Nogoyá 3900","",https://www.zonaprop.com.ar/propiedades/clasificado/veclapin-nogoya-3900-departamento-2-ambientes-al-frente-54-58837089.html
pending,85000,44,1932,2,"Avenida Raúl Scalabrini Ortiz 1000","",https://www.zonaprop.com.ar/propiedades/clasificado/veclapin-duplex-c-patio-amenities-villa-crespo-oportunidad-59069711.html
rejected,82500,59,1398,3,"Alvarez Jonte 3727","",https://www.zonaprop.com.ar/propiedades/clasificado/veclapin-dpto.-3-ambientes-muy-luminoso-serv.-centrales-48191736.html
rejected,65000,40,1625,2,"Av. S. Martín 2688","",https://www.zonaprop.com.ar/propiedades/clasificado/veclapin-2-ambientes-super-luminoso-58989977.html
pending,95000,61,1557,3,"AV. J.b. Justo al 2300","",https://www.zonaprop.com.ar/propiedades/clasificado/veclapin-departamento-en-villa-crespo-56002074.html
rejected,80000,43,1860,2,"Nueva York 2495","",https://www.zonaprop.com.ar/propiedades/clasificado/veclapin-departamento-2-ambientes-al-frente-en-inmejorable-57533877.html
pending,99889,55,1816,3,"Dr Reppeto 300","",https://www.zonaprop.com.ar/propiedades/clasificado/veclapin-venta-departamento-3-ambientes-refaccionado-58374419.html
rejected,100000,44,2273,2,"Alvarez Jonte  al 1900","",https://www.zonaprop.com.ar/propiedades/clasificado/veclapin-alvarez-jonte-al-1900-departamentos-2-ambientes-a-53926522.html
rejected,89000,72,1236,3,"Av. Juan B Justo al 2700","",https://www.zonaprop.com.ar/propiedades/clasificado/veclapin-venta-3-ambientes-con-escritorio.-pb-con-patio.-av-58554377.html
rejected,66000,44,1500,2,"Av Juan B Justo 5200. Entre Artigas y Alfredo R Bufano","",https://www.zonaprop.com.ar/propiedades/clasificado/veclapin-av-juan-b-justo-5200-3-2amb-balc-fte-u$66.000-57180472.html
rejected,69900,50,1398,3,"Fraga 1000","",https://www.zonaprop.com.ar/propiedades/clasificado/veclapin-venta-departamento-3-ambientes-chacarita-59099485.html
pending,95900,61,1572,2,"emilio  lamarca 2950","",https://www.zonaprop.com.ar/propiedades/clasificado/veclphin-imperdible-ph-sin-expensas-en-villa-del-parque-55525499.html
pending,94000,43,2186,2,"Trelles 1900","",https://www.zonaprop.com.ar/propiedades/clasificado/veclapin-venta-departamento-2-ambientes-con-balcon-a-estrenar!-56006908.html
pending,89000,65,1369,3,"Tres Arroyos 100","",https://www.zonaprop.com.ar/propiedades/clasificado/veclapin-dpto-3-amb-en-venta-en-villa-crespo-a-remodelar-59079918.html
rejected,55000,48,1146,,"Monroe 5100","",https://www.zonaprop.com.ar/propiedades/clasificado/vecllcin-venta-local-en-galeria-comercial-villa-urquiza-58974858.html
pending,95000,48,1979,2,"Gurruchaga 2070","",https://www.zonaprop.com.ar/propiedades/clasificado/veclapin-venta-departamento-2-ambientes-en-la-mejor-zona-de-57966772.html
pending,90000,58,1552,3,"Avenida Pueyrredón 900","",https://www.zonaprop.com.ar/propiedades/clasificado/veclapin-venta-3-ambientes-con-patio-en-pb-financiacion-58998178.html
pending,95900,58,1653,2,"Torrent al 1400","",https://www.zonaprop.com.ar/propiedades/clasificado/veclphin-venta-ph-2-ambientes-con-patio-sin-expensas-en-parque-59079550.html
rejected,94900,50,1898,3,"Monroe 1400","",https://www.zonaprop.com.ar/propiedades/clasificado/veclapin-venta-departamento-3-ambientes-en-belgrano-apto-58502905.html
pending,75000,45,1667,3,"General José Gervasio Artigas 2000","",https://www.zonaprop.com.ar/propiedades/clasificado/veclapin-venta-departamento-3-ambientes-villa-gral-mitre-58965437.html
pending,98000,63,1556,3,"Agüero 1500","",https://www.zonaprop.com.ar/propiedades/clasificado/veclapin-venta-depto-3-amb.-con-patio-techado-58993408.html
pending,85000,52,1635,3,"alvarez jonte 1900","",https://www.zonaprop.com.ar/propiedades/clasificado/veclapin-departamento-en-venta-en-paternal-capital-federal-58056359.html
pending,90000,50,1800,2,"Capdevila 2747","",https://www.zonaprop.com.ar/propiedades/clasificado/veclapin-venta-villa-urquiza-departamento-2-3-ambientes-48253784.html
rejected,100000,50,2000,3,"Costa Rica 4125","",https://www.zonaprop.com.ar/propiedades/clasificado/veclapin-venta-de-departamento-en-palermo-57359361.html
rejected,3,112,,3,"Arenales 3200","",https://www.zonaprop.com.ar/propiedades/clasificado/veclapin-arenales-y-coronel-diaz-112-m-frente-vista-balcon-57045255.html
rejected,95000,40,2375,2,"AV. Estado De Israel 4600. Entre Loyola y Castillo","",https://www.zonaprop.com.ar/propiedades/clasificado/veclapin-departamento-0-ambientes-1-dorm.-av-estado-de-israel-58502066.html
pending,75000,42,1786,2,"Av. Jorge Newbery 4510 Entre Iturri y Caldas","",https://www.zonaprop.com.ar/propiedades/clasificado/veclapin-departamento-en-chacarita-58887366.html
pending,99000,44,2250,2,"Avenida Libertador al 1138","",https://www.zonaprop.com.ar/propiedades/clasificado/veclapin-mejor-precio-x-metro-venta-departamento-2-ambientes-av-57506192.html
pending,74000,42,1762,2,"Roosevelt 5021","",https://www.zonaprop.com.ar/propiedades/clasificado/veclapin-2-ambientes-en-zona-inmejorable!-58940110.html
pending,95000,46,2065,2,"Nogoyá 4500","",https://www.zonaprop.com.ar/propiedades/clasificado/veclapin-venta-departamento-dos-ambientes-villa-devoto-59075036.html
pending,80000,43,1860,2,"Nazca 3355","",https://www.zonaprop.com.ar/propiedades/clasificado/veclapin-super-moderno-y-luminoso-45139287.html
rejected,93000,46,2022,2,"Avenida Córdoba 2586","",https://www.zonaprop.com.ar/propiedades/clasificado/veclapin-venta-departamento-dos-ambientes-en-recoleta-56886816.html
pending,99000,55,1800,3,"Ezeiza 2660","",https://www.zonaprop.com.ar/propiedades/clasificado/veclapin-3-amb.-b-gral.-s.-martin-muy-bueno!-57017021.html
pending,86000,43,2000,2,"Avenida Federico Lacroze 3000","",https://www.zonaprop.com.ar/propiedades/clasificado/veclapin-venta-dpto.-2-amb.-coc.-indep-lav.-colegiales-59033790.html
pending,85000,46,1848,2,"Tinogasta 4909","",https://www.zonaprop.com.ar/propiedades/clasificado/veclapin-villa-devoto:-venta-dto-2-amb-al-fte-c-balcon.-58140188.html
rejected,61000,40,1525,2,"Caracas 1400","",https://www.zonaprop.com.ar/propiedades/clasificado/veclappa-departamento-2-1-2-ambientes.-57696055.html
pending,99900,56,1784,3,"Avenida Santa Fe 1900","",https://www.zonaprop.com.ar/propiedades/clasificado/veclapin-vta-depto-3-amb-2-patios-apto-cred-barrio-norte-58875636.html
rejected,67500,40,1688,1,"Paraná 800. Entre Av Cordoba y Paraguay","",https://www.zonaprop.com.ar/propiedades/clasificado/veclapin-parana-800-recoleta-1amb-u$67.500-56507806.html
pending,95000,48,1979,3,"Francisco Acuña de Figueroa 1068","",https://www.zonaprop.com.ar/propiedades/clasificado/veclapin-3-ambientes-en-torre-todo-luz-excelente-estado-57792993.html
pending,99000,65,1523,3,"Av. Álvarez Thomas 800","",https://www.zonaprop.com.ar/propiedades/clasificado/veclapin-depto-3-amb-apto-credito-en-colegiales!-58125128.html
rejected,99000,47,2106,2,"Peña al 3000","",https://www.zonaprop.com.ar/propiedades/clasificado/veclapin-departamento-en-venta-caba-palermo-57538276.html
pending,85000,42,2024,1,"Estomba  al 3800","",https://www.zonaprop.com.ar/propiedades/clasificado/veclapin-departamento-monoambiente-reciclado-a-nuevo-saavedra-59103801.html
pending,95000,50,1900,2,"AV DE LOS INCAS 4100. Entre Donado y Av. Alvarez Thomas","",https://www.zonaprop.com.ar/propiedades/clasificado/veclapin-departamento-2-ambientes.-av-de-los-incas-al-4100-53530531.html
rejected,84000,50,1680,1,"Concordia 3500","",https://www.zonaprop.com.ar/propiedades/clasificado/veclphin-ph-1-ambiente-concordia-3500-villa-devoto-caba-50-58765622.html
rejected,64500,53,1217,3,"Correa 3830","",https://www.zonaprop.com.ar/propiedades/clasificado/veclapin-departamento-de-3-ambientes-en-venta-56236223.html
rejected,85000,42,2024,2,"Avenida Olazábal 2300","",https://www.zonaprop.com.ar/propiedades/clasificado/veclapin-dpto-2-amb-a-una-cuadra-de-cabildo-57775636.html
rejected,1,88,,3,"Cuba  al 2300","",https://www.zonaprop.com.ar/propiedades/clasificado/veclapin-departamento-con-cochera-en-venta-en-belgrano-de-3-56761644.html
pending,84000,53,1585,2,"OROÑO, NICASIO 1800. Entre Justo, Juan B. Avda. y MagariÑos Cervantes","",https://www.zonaprop.com.ar/propiedades/clasificado/veclphin-venta-dos-ambientes-con-balcon-en-paternal-58267394.html
pending,75000,44,1705,2,"JULIAN ALVAREZ 2700","",https://www.zonaprop.com.ar/propiedades/clasificado/veclapin-dos-ambientes-en-palermo-apto-credito-58940083.html
pending,89900,50,1798,2,"Av Lope de Vega y Marcos Sastre","",https://www.zonaprop.com.ar/propiedades/clasificado/veclapin-departamento-en-monte-castro-59092371.html
pending,88000,60,1467,1,"Rodriguez Peña 700","",https://www.zonaprop.com.ar/propiedades/clasificado/veclapin-departamento-monoambiente-grande-con-terraza-recoleta-57580334.html
pending,76000,48,1583,2,"Belaustegui al 3550 PB 2","",https://www.zonaprop.com.ar/propiedades/clasificado/veclapin-departamento-en-venta-oportunidad!-58705672.html
pending,,86,,4,"Billinghurst 900","",https://www.zonaprop.com.ar/propiedades/clasificado/veclapin-amplio-depto.-de-4-ambientes-con-dependencia-57887150.html
rejected,95000,40,2375,1,"pringles 1243","",https://www.zonaprop.com.ar/propiedades/clasificado/veclapin-retasado-monoambiente-grande-en-palermo-balcon-a-la-56207991.html
pending,90000,46,1957,2,"Vallejos al 4300, PB","",https://www.zonaprop.com.ar/propiedades/clasificado/veclphin-venta-ph-2-ambientes-con-patio-zona-plaza-arenales-59022866.html
pending,85000,48,1771,2,"La Pampa 5200","",https://www.zonaprop.com.ar/propiedades/clasificado/veclapin-departamento-2-ambientes-con-renta-agosto-2027-58859638.html
pending,75000,46,1630,2,"Avenida Boyacá 1900","",https://www.zonaprop.com.ar/propiedades/clasificado/veclphin-ph-2-amb.-terraza.-venta.-villa-general-mitre-58934288.html
rejected,90000,45,2000,2,"Nuñez 3600","",https://www.zonaprop.com.ar/propiedades/clasificado/veclapin-departamento-en-venta-en-coghlan-capital-federal-56029568.html
pending,78000,43,1814,2,"San Blas 2000","",https://www.zonaprop.com.ar/propiedades/clasificado/veclphin-venta-de-departamento-de-2-ambientes-en-paternal-58914554.html
rejected,95000,47,2021,2,"Av francisco Beiro 3622","",https://www.zonaprop.com.ar/propiedades/clasificado/veclapin-venta-departamento-2-ambientes-en-villa-del-parque.-58863201.html
rejected,95000,43,2209,3,"A. San Martin 1855","",https://www.zonaprop.com.ar/propiedades/clasificado/veclapin-av-san-martin-1855-4-f-depto.-3-amb-paternal-41401722.html
pending,95000,45,2111,2,"Avenida Córdoba 2645","",https://www.zonaprop.com.ar/propiedades/clasificado/veclapin-venta-depto-2-amb-con-balcon-recoleta-57712213.html
rejected,99000,45,2200,1,"Thames 200","",https://www.zonaprop.com.ar/propiedades/clasificado/veclapin-monoambiente-en-venta-villa-crespo-apto-credito-58913483.html
rejected,86800,49,1771,2,"Correa 3100","",https://www.zonaprop.com.ar/propiedades/clasificado/veclapin-2-amb-patio-terraza-propio-posible-parrilla-en-58564209.html
rejected,2,74,,4,"Roosevelt al 2500","",https://www.zonaprop.com.ar/propiedades/clasificado/veclapin-venta-departamento-4-ambientes-con-cochera-fija-58651008.html
pending,99000,53,1868,3,"Gandara 2918","",https://www.zonaprop.com.ar/propiedades/clasificado/veclapin-venta-de-departamento-de-3-ambientes-con-balcon-58982392.html
rejected,100000,43,2326,2,"AV. Triunvirato 4300","",https://www.zonaprop.com.ar/propiedades/clasificado/veclapin-venta-departamento-2-ambientes-villa-urquiza-super-58263943.html
pending,95000,45,2111,1,"Thames 200","",https://www.zonaprop.com.ar/propiedades/clasificado/veclapin-monoambiente-en-venta-villa-crespo-apto-credito-59076683.html
rejected,95000,43,2209,1,"Estomba 3000","",https://www.zonaprop.com.ar/propiedades/clasificado/veclapin-1-amb-grande-con-balcon-al-fte-muy-luminoso-57821301.html
rejected,95000,47,2021,2,"Avenida cordoba 2700","",https://www.zonaprop.com.ar/propiedades/clasificado/veclapin-departamento-en-venta-en-recoleta-capital-federal-56676505.html
rejected,63500,52,1221,2,"AV NAZCA 1425","",https://www.zonaprop.com.ar/propiedades/clasificado/veclapin-2-y-1-2-ambientes-lateral-super-luminoso-muy-buena-54598389.html
favorite,99900,83,1204,2,"Est. Plurinacional de Bolivia 2000","",https://www.zonaprop.com.ar/propiedades/clasificado/veclapin-depto-en-venta-2-amb-en-villa-gral-mitre-patio-59047231.html
rejected,99000,40,2475,2,"Blanco Encalada 2915","",https://www.zonaprop.com.ar/propiedades/clasificado/veclphin-ph-de-40-m-sup2--con-1-dormitorio-en-venta-en-belgrano-58561631.html
pending,85000,43,1977,1,"Estomba  al 3800","",https://www.zonaprop.com.ar/propiedades/clasificado/veclapin-departamento-monoambiente-reciclado-a-nuevo-saavedra-59103800.html
rejected,89000,42,2119,1,"Avenida Cabildo 2300","",https://www.zonaprop.com.ar/propiedades/clasificado/vecllcin-venta-local-galeria-rio-de-janeiro-belgrano-59059682.html
rejected,67000,52,1288,2,"Rodríguez Peña al 2000","",https://www.zonaprop.com.ar/propiedades/clasificado/veclapin-venta-departamento-2-ambientes-recoleta-oportunidad-58957668.html
pending,90000,60,1500,3,"av de los constituyentes 6158","",https://www.zonaprop.com.ar/propiedades/clasificado/veclapin-departamento-3-ambientes-en-planta-baja-al-frente-av-58254800.html
pending,85000,43,1977,2,"Avenida Cabildo 2300","",https://www.zonaprop.com.ar/propiedades/clasificado/veclphin-venta-ph-2-amb-1-2-luminosos-av-cabildo-belgrano-59000203.html
rejected,95000,44,2159,2,"Pacheco de Melo 1900","",https://www.zonaprop.com.ar/propiedades/clasificado/veclapin-departamento-en-venta-en-recoleta-capital-federal-57867541.html
pending,86400,48,1800,2,"Av. San martin 4268","",https://www.zonaprop.com.ar/propiedades/clasificado/veclapin-en-venta-departamento-de-2-ambientes-54008889.html
rejected,97000,45,2156,2,"Pinto 3200","",https://www.zonaprop.com.ar/propiedades/clasificado/veclapin-venta-depto-2-amb-nunez-c-fte-45-m-sup2--totales-1ro-x-59036647.html
pending,76000,40,1900,2,"CONDE 740. Entre Federico lacroze y Garcia, teodoro","",https://www.zonaprop.com.ar/propiedades/clasificado/veclapin-venta-de-departamento-2-ambientes-en-colegiales-57214292.html
pending,91900,51,1802,2,"Uriburu 1133","",https://www.zonaprop.com.ar/propiedades/clasificado/veclapin-uriburu-1100-venta-departamento-de-dos-ambientes-58884596.html
pending,78500,46,1707,3,"Delgado 826  Piso 16 Dpto C","",https://www.zonaprop.com.ar/propiedades/clasificado/veclapin-tres-ambientes-apto-credito-59027638.html
rejected,89900,42,2140,2,"Argañarás 65","",https://www.zonaprop.com.ar/propiedades/clasificado/veclapin-ph-a-m-de-av-cordoba-y-zona-de-bares-de-palermo!-todo-58096359.html
pending,,1015,,7,"Avenida Olazábal 1337","",https://www.zonaprop.com.ar/propiedades/clasificado/veclcain-venta-casa-belgrano-bajo-sobre-lote-de-1015-m-sup2--58684430.html
rejected,86000,42,2048,2,"Beiro al 3300","",https://www.zonaprop.com.ar/propiedades/clasificado/veclapin-venta-departamento-ambientes-en-villa-del-parque-58958289.html
pending,94500,50,1890,2,"Conesa","",https://www.zonaprop.com.ar/propiedades/clasificado/veclapin-venta-departamento-2-ambientes-en-belgrano-r-59064973.html
pending,85000,52,1635,2,"Avenida Albarellos 3100","",https://www.zonaprop.com.ar/propiedades/clasificado/veclapin-venta-depto-2-amb-balcon-v.-pueyrredon-apto-credit-59007971.html
pending,79000,47,1681,3,"Helguera","",https://www.zonaprop.com.ar/propiedades/clasificado/veclapin-helguera-1100-departamento-3-ambientes-en-excelente-58958994.html
pending,97000,56,1732,3,"Melincué 4200","",https://www.zonaprop.com.ar/propiedades/clasificado/veclapin-departamento-de-3-ambientes-villa-devoto-58875124.html
pending,99000,51,1941,3,"Venta Inversion 3 Ambientes  AV Cordoba al 3600","",https://www.zonaprop.com.ar/propiedades/clasificado/veclapin-venta-departamento-3-ambientes-palermo-58482351.html
rejected,95000,87,1092,4,"(leg-1228) Juan Agustin Garcia  3658 - Excelente Ubicacion","",https://www.zonaprop.com.ar/propiedades/clasificado/veclphin-barrio-santa-rita-ph-interno-sin-expensas-54565731.html
pending,99000,41,2415,3,"Zapata al 200","",https://www.zonaprop.com.ar/propiedades/clasificado/veclapin-departamento-en-palermo-56238670.html
rejected,99000,41,2415,2,"San Blas 2980","",https://www.zonaprop.com.ar/propiedades/clasificado/veclapin-exclusivo-departamento-con-piscina-gym-y-parrilla-2-57125741.html
rejected,89000,58,1534,3,"Forest al 400","",https://www.zonaprop.com.ar/propiedades/clasificado/veclapin-venta-departamento-3-ambientes-en-chacarita-59049068.html
rejected,91000,41,2220,2,"Moldes 2941 - 1° B","",https://www.zonaprop.com.ar/propiedades/clasificado/veclapin-departamento-2-ambientes-venta-nunez-58937247.html
rejected,85000,45,1889,2,"Aguirre 600. Entre Malabia y Acevedo","",https://www.zonaprop.com.ar/propiedades/clasificado/veclapin-aguirre-600-villa-crespo-2amb-u$85.000-50785698.html
pending,74000,48,1542,3,"Cuenca 2034","",https://www.zonaprop.com.ar/propiedades/clasificado/veclapin-vendo-3-amb-piso-13-con-vista-panoramica-vivienda-50196216.html
rejected,63000,56,1125,3,"Avenida Boyacá 1500","",https://www.zonaprop.com.ar/propiedades/clasificado/veclphin-ph-3-amb-en-venta-sin-exp-en-flores-58973812.html
pending,100000,53,1887,3,"Mendoza 5300","",https://www.zonaprop.com.ar/propiedades/clasificado/veclapin-departamento-en-venta-en-villa-urquiza-r-capital-59022770.html
rejected,89500,41,2183,2,"Charcas al 4000","",https://www.zonaprop.com.ar/propiedades/clasificado/veclapin-departamento-en-palermo-soho-58708743.html
pending,94000,63,1492,3,"Sanchez 2100","",https://www.zonaprop.com.ar/propiedades/clasificado/veclphin-venta-ph-planta-baja-3-amb-c-patio-villa-mitre-59060312.html
rejected,89999,67,1343,3,"Juan Ramírez de Velasco 235","",https://www.zonaprop.com.ar/propiedades/clasificado/veclapin-lindo-patio-todo-luz-bajas-expensas-57938046.html
rejected,90000,60,1500,2,"Obispo San Alberto 3700","",https://www.zonaprop.com.ar/propiedades/clasificado/veclphin-obispo-san-alberto-3700-ph-sin-exp-60-m-sup2--2-amb-1-56521947.html
pending,,92,,4,"Avenida Córdoba 3700","",https://www.zonaprop.com.ar/propiedades/clasificado/veclapin-departamento-semipiso-en-venta-ubicado-en-palermo-57582226.html
rejected,62000,50,1240,3,"terrada 1435","",https://www.zonaprop.com.ar/propiedades/clasificado/veclapin-departamento-de-3-ambientes-por-escalera-ideal-57490484.html
pending,75000,46,1630,2,"Avenida Mosconi al 2600","",https://www.zonaprop.com.ar/propiedades/clasificado/veclapin-departamento-2-ambientes-villa-pueyrredon-57354886.html
pending,94000,43,2186,2,"Güemes 4200","",https://www.zonaprop.com.ar/propiedades/clasificado/veclapin-venta-depto-2-amb-en-palermo-se-vende-amoblado-58997128.html
pending,92000,58,1586,3,"Nicolás Granada 1600","",https://www.zonaprop.com.ar/propiedades/clasificado/veclapin-venta-3-ambientes-paternal-58842421.html
pending,94000,60,1567,2,"Curuzu Cuatia 2500","",https://www.zonaprop.com.ar/propiedades/clasificado/veclphin-departamento-ph-en-venta-en-villa-devoto-capital-58757868.html
pending,86000,52,1654,3,"Avenida Cordoba  al 2000","",https://www.zonaprop.com.ar/propiedades/clasificado/veclapin-venta-departamento-3-ambientes-recoleta-58908460.html
pending,92000,43,2140,3,"Avda. Álvarez Thomas 800","",https://www.zonaprop.com.ar/propiedades/clasificado/veclapin-3-amb.-lateral-interno-luminoso-s-avda.-alvarez-57391853.html
pending,88990,55,1618,3,"Avenida Alvarez thomas 833, Colegiales, Capital Federal","",https://www.zonaprop.com.ar/propiedades/clasificado/veclapin-venta-departamento-3-ambientes-colegiales-apto-credito-56850595.html
pending,75000,42,1786,2,"Av Jorge Newbery 4500. Entre Caldas y Iturri","",https://www.zonaprop.com.ar/propiedades/clasificado/veclapin-av-jorge-newbery-4500-chacarita-2amb-u$75.000-58490057.html
pending,85000,49,1735,3,"Darregueyra 2400","",https://www.zonaprop.com.ar/propiedades/clasificado/veclapin-venta-3-amb-en-pb.-palermo-apto-credito-59098603.html
pending,79500,47,1691,3,"ARTIGAS, JOSE G. DE, GRAL. 2936. Entre Nogoya y Baigorria","",https://www.zonaprop.com.ar/propiedades/clasificado/veclapin-3-ambientes-con-balcon-en-venta-villa-del-parque!-58490894.html
pending,82000,55,1491,3,"Condarco al 1700","",https://www.zonaprop.com.ar/propiedades/clasificado/veclapin-villa-mitre:-3-amb.-al-frente-condarco-y-cervantes-58852873.html
pending,89500,42,2131,2,"lacroze 1764","",https://www.zonaprop.com.ar/propiedades/clasificado/veclapin-venta-las-canitas-departamento-2-ambientes-con-58852301.html
pending,88000,45,1956,2,"Asuncion 4500","",https://www.zonaprop.com.ar/propiedades/clasificado/veclapin-departamento-2-amb.-al-frente-con-balcon-58896148.html
pending,89000,52,1712,3,"Bonpland 2200","",https://www.zonaprop.com.ar/propiedades/clasificado/veclapin-departamento-de-3-ambientes-en-venta-en-palermo-57656574.html
rejected,89000,48,1854,1,"avenida Córdoba","",https://www.zonaprop.com.ar/propiedades/clasificado/veclapin-hermoso-departamento-en-palermo-55474062.html
pending,79500,43,1849,2,"MOLDES 2300. Entre Blanco encalada y Olazabal, av.","",https://www.zonaprop.com.ar/propiedades/clasificado/veclapin-venta-de-departamento-2-ambientes-en-belgrano-58228227.html
rejected,82000,64,1281,2,"Cucha Cucha 2200","",https://www.zonaprop.com.ar/propiedades/clasificado/veclphin-venta-ph-2-ambientes-64.44-m-sup2--con-patio-en-58878642.html
pending,,60,,3,"Av. Cabildo 262","",https://www.zonaprop.com.ar/propiedades/clasificado/veclapin--belgrano-av-cabildo-262-3-amb-60-m-sup2--58883480.html
pending,99900,48,2081,2,"Thames 300","",https://www.zonaprop.com.ar/propiedades/clasificado/veclapin-venta-departamento-2-ambientes-en-villa-crespo-59077004.html
pending,70000,40,1750,2,"Manuel Ricardo Trelles 2100","",https://www.zonaprop.com.ar/propiedades/clasificado/veclapin-2-amb-refaccionado-le-brique-propiedades-58972160.html
pending,79000,52,1519,3,"MURILLO 600","",https://www.zonaprop.com.ar/propiedades/clasificado/veclapin-departamento-3-ambientes-villa-crespo-capital-51895274.html
pending,80000,41,1951,3,"Avenida Francisco Beiró 3400","",https://www.zonaprop.com.ar/propiedades/clasificado/veclapin-departamento-3-ambientes-villa-devoto-venta-58877864.html
pending,85000,49,1735,2,"Avenida Congreso 2200","",https://www.zonaprop.com.ar/propiedades/clasificado/veclapin-dpto-2-amb-en-venta-en-belgrano-balcon-al-frente-56244486.html
pending,82000,50,1640,3,"San Blas 2300","",https://www.zonaprop.com.ar/propiedades/clasificado/veclapin-san-blas-2300-departamento-3-ambientes-al-frente-58224976.html
rejected,,86,,4,"Billinghurst 900","",https://www.zonaprop.com.ar/propiedades/clasificado/veclapin-amplio-depto.-de-4-ambientes-con-dependencia-57887164.html
rejected,86000,41720,2,1,"Avenida San Martín 7234 3er piso","",https://www.zonaprop.com.ar/propiedades/clasificado/veclapin-monoambiente-divisible-con-balcon-terraza-en-villa-58357809.html
rejected,85000,50,1700,2,"Padilla al 300","",https://www.zonaprop.com.ar/propiedades/clasificado/veclapin-moderno-dos-ambientes-en-villa-crespo-con-dos-patios-58833411.html
rejected,89000,45,1978,1,"Av. Córdoba 4869, Ciudad Autónoma de Buenos Aires, Argentina","",https://www.zonaprop.com.ar/propiedades/clasificado/veclapin-venta-departamento-monoambiente-divisible-en-palermo-58800385.html
rejected,99000,55,1800,3,"Federico Lacroze 3800","",https://www.zonaprop.com.ar/propiedades/clasificado/veclapin-venta-dep-3-amb-con-2-patios-a-reciclar-chacarita-58968784.html
pending,99000,62,1597,2,"DOCTOR PEDRO IGNACIO RIVERA 5229","",https://www.zonaprop.com.ar/propiedades/clasificado/veclapin-venta-departamento-2-ambientes-villa-urquiza-59079803.html
rejected,,53,,2,"Aizpurúa","",https://www.zonaprop.com.ar/propiedades/clasificado/veclapin-2-ambientes-contra-frente-balcon-53-m-sup2--toillete-y-56637615.html
pending,90000,45,2000,1,"conde 2550","",https://www.zonaprop.com.ar/propiedades/clasificado/veclphin-excelente-ph-dos-ambientes-en-coghlan-calle-conde-44065856.html
pending,85000,56,1518,3,"Av. Francisco Beiro 5000","",https://www.zonaprop.com.ar/propiedades/clasificado/veclapin-departamento-3-amb-en-venta-en-villa-devoto.-56240360.html
rejected,85000,42,2024,2,"Avenida Corrientes 4900","",https://www.zonaprop.com.ar/propiedades/clasificado/veclapin-venta-depto-luminoso-2-ambientes-villa-crespo-58856514.html
rejected,99000,70,1414,4,"Albarellos 3100","",https://www.zonaprop.com.ar/propiedades/clasificado/veclapin-villa-pueyrredon-4-ambientes-frente-49320859.html
pending,79900,50,1598,2,"Estomba al 500","",https://www.zonaprop.com.ar/propiedades/clasificado/veclphin-ph-de-2-ambientes-en-venta-en-villa-ortuzar.-59094839.html
rejected,,101,,3,"Soler 5700","",https://www.zonaprop.com.ar/propiedades/clasificado/veclapin-venta-triplex-3-amb-palermo-terraza-propia-58875611.html
pending,73000,47,1553,2,"Chivilcoy al 4600","",https://www.zonaprop.com.ar/propiedades/clasificado/veclapin-departamento-en-venta-a-refaccionar-devoto-planta-baja-59015364.html
pending,83000,46,1804,2,"Melincué 2706","",https://www.zonaprop.com.ar/propiedades/clasificado/veclapin-departamento-2-amb.-al-frente-con-balcon-y-espacio-58198172.html
pending,96000,52,1846,3,"Giribone al 600","",https://www.zonaprop.com.ar/propiedades/clasificado/veclapin-venta-dpto-3-ambientes-chacarita-58746867.html
rejected,88900,41,2168,1,"OLAZABAL 4875","",https://www.zonaprop.com.ar/propiedades/clasificado/veclapin-departamento-monoambiente-41-m-villa-urquiza-47449355.html
rejected,89500,40,2238,2,"Godoy Cruz al 3000","",https://www.zonaprop.com.ar/propiedades/clasificado/veclapin-departamento-en-palermo-54944467.html
rejected,84000,43,1953,2,"Lerma 0","",https://www.zonaprop.com.ar/propiedades/clasificado/veclphin-venta-ph-bajas-exp-en-villa-crespo-59074852.html
pending,79000,44,1795,3,"Baigorria 3800","",https://www.zonaprop.com.ar/propiedades/clasificado/veclapin-venta-dpto-3-ambientes-lavadero-villa-del-parque-59002746.html
pending,89900,55,1635,2,"Helguera 1200","",https://www.zonaprop.com.ar/propiedades/clasificado/veclapin-ph-2-amb-con-patio-a-la-calle-espectacular!-59060376.html
pending,83000,42,1976,2,"Av Monroe al 3100","",https://www.zonaprop.com.ar/propiedades/clasificado/veclapin-venta-departamento-2-ambientes-en-belgrano-57842370.html
pending,91000,41,2220,2,"Moldes 2941 - 1° B","",https://www.zonaprop.com.ar/propiedades/clasificado/veclapin-departamento-2-ambientes-venta-nunez-58937245.html
rejected,82000,40,2050,2,"Moldes al 2400","",https://www.zonaprop.com.ar/propiedades/clasificado/veclphin-venta-ph-belgrano-2-amb-58496144.html
pending,95000,45,2111,2,"Avenida Pueyrredon al 1900","",https://www.zonaprop.com.ar/propiedades/clasificado/veclapin-departamento-en-recoleta-59095357.html
rejected,70000,48,1458,2,"LOPE DE VEGA 2800","",https://www.zonaprop.com.ar/propiedades/clasificado/veclapin-venta-departamento-2-ambientes-refaccionado-villa-55172849.html
pending,99000,70,1414,4,"Av N Albarellos","",https://www.zonaprop.com.ar/propiedades/clasificado/veclapin-depto-4-ambientes-con-balcon-en-torrres-de-albarellos-52460285.html
pending,85000,45,1889,2,"jose cubas 3183. Entre Cuenca y Bulgaria","",https://www.zonaprop.com.ar/propiedades/clasificado/veclapin-hermoso-2-amb-pb-tipo-ph-con-patio!-ideal-inversor-57753273.html
pending,100000,58,1724,2,"Baigorria 2500","",https://www.zonaprop.com.ar/propiedades/clasificado/veclapin-2-amb-con-balcon-al-frente-58961508.html
rejected,98500,64,1539,3,"Panama al 900","",https://www.zonaprop.com.ar/propiedades/clasificado/veclapin-venta-departamento-villa-crespo-3-ambientes-con-balcon-58610003.html
pending,97000,44,2205,2,"Beruti al 3400, Palermo, Capital Federal","",https://www.zonaprop.com.ar/propiedades/clasificado/veclapin-departamento-en-venta-dos-ambientes-con-patio-57238572.html
pending,86000,45,1911,3,"Pringles 1400","",https://www.zonaprop.com.ar/propiedades/clasificado/veclapin-venta-departamento-3-ambientes-palermo-58477302.html
pending,85000,45,1889,2,"Jorge Newbery 1872","",https://www.zonaprop.com.ar/propiedades/clasificado/veclapin-suspendido-palermo-2-ambientes-u$s85.000-exp:-53599097.html
rejected,89000,62,1435,2,"AVENIDA FOREST 1209","",https://www.zonaprop.com.ar/propiedades/clasificado/veclphin-venta.-2-ambientes-sin-expensas!-apto-prof.-balcon-y-56350071.html
favorite,75000,62,1210,3,"Ezeiza 2850","",https://www.zonaprop.com.ar/propiedades/clasificado/veclapin-departamento-3-ambientes-tercer-piso-barrio-gral.-58337052.html
pending,93000,59,1576,3,"Av. Alvarez Jonte 3861 D","",https://www.zonaprop.com.ar/propiedades/clasificado/veclapin-venta-de-departamento-3-ambientes-en-villa-del-parque-56130037.html
rejected,88200,50,1764,1,"Av Nazca 1500","",https://www.zonaprop.com.ar/propiedades/clasificado/veclapin-depto-venta-monoambiente-dividido-2-amb-ac-y-aprof-58934748.html
pending,67000,40,1675,1,"Paraná  al 800","",https://www.zonaprop.com.ar/propiedades/clasificado/veclapin-departamento-en-recoleta-58653652.html
rejected,77000,55,1400,3,"AV SAN MARTIN 2718","",https://www.zonaprop.com.ar/propiedades/clasificado/veclapin-venta-c-renta-dpto-3-amb-s-av.-san-martin-2700-liv-57180201.html
rejected,61500,55,1118,3,"AV. DE LOS CONSTITUYENTES  6200","",https://www.zonaprop.com.ar/propiedades/clasificado/veclapin-3-amb.-cfte.-muy-luminoso-3er.-piso-por-escalera-56671840.html
rejected,95000,46,2065,2,"Vallejos 3400","",https://www.zonaprop.com.ar/propiedades/clasificado/veclapin-villa-devoto-luminoso-2-amb-2-por-escalera-58974264.html
rejected,85000,73,1164,3,"Avenida Álvarez Jonte 2313","",https://www.zonaprop.com.ar/propiedades/clasificado/veclapin-departamento-3-ambientes-en-villa-del-parque-con-58010444.html
pending,89000,46,1935,2,"Avenida Forest 400","",https://www.zonaprop.com.ar/propiedades/clasificado/veclapin-venta-departamento-2-ambientes-en-chacarita-58881236.html
rejected,,553,,6,"condarco 3040","",https://www.zonaprop.com.ar/propiedades/clasificado/veclcain-venta.-casa-a-refaccionar.-doble-frente-17.32-x-56038079.html
rejected,88000,44,2000,2,"Roosevelt 2500","",https://www.zonaprop.com.ar/propiedades/clasificado/veclapin-departamento-en-venta-en-nunez-capital-federal-58547155.html
rejected,97000,48,2021,3,"Avenida Corrientes 5900","",https://www.zonaprop.com.ar/propiedades/clasificado/veclapin-venta-departamento-3-amb-villa-crespo-reservado-58988409.html
rejected,95000,65,1462,3,"Cnel .apolinario Figueroa al 400","",https://www.zonaprop.com.ar/propiedades/clasificado/veclapin-departamento-en-venta-de-3-ambientes-en-villa-crespo-58951625.html
pending,99000,48,2063,2,"Avenida Cordoba 4800","",https://www.zonaprop.com.ar/propiedades/clasificado/veclapin-venta-departamento-2-amb-palermo-reciclado-59109289.html
pending,89000,47,1894,2,"Malabia 700","",https://www.zonaprop.com.ar/propiedades/clasificado/veclapin-venta-departamento-2-ambientes-con-patio-en-villa-55141440.html
pending,87500,43,2035,2,"Juana Azurduy 2100","",https://www.zonaprop.com.ar/propiedades/clasificado/veclapin-venta-2-ambientes-en-nunez-59066077.html
rejected,89900,63,1427,3,"Avenida Chorroarín 0","",https://www.zonaprop.com.ar/propiedades/clasificado/veclapin-venta-depto-3-ambientes-la-paternal-59045793.html
pending,72000,45,1600,2,"Cucha Cucha al 2700","",https://www.zonaprop.com.ar/propiedades/clasificado/veclapin-departamento-2amb-en-venta-al-frente-c-balcon-58310625.html
rejected,,1015,,7,"Avenida Olazábal 1300","",https://www.zonaprop.com.ar/propiedades/clasificado/veclcain-venta-la-mejor-casa-bajo-belgrano-sobre-lote-de-1015-58546992.html
pending,98000,98,1000,,"Vera 553","",https://www.zonaprop.com.ar/propiedades/clasificado/veclocin-venta-oportunidad-unica-loft-subsuelo-villa-crespo-58182725.html
rejected,,106,,3,"Llerena 2800","",https://www.zonaprop.com.ar/propiedades/clasificado/veclapin-reservado-56069436.html
rejected,84000,53,1585,2,"OROÑO, NICASIO 1800. Entre Justo, Juan B. Avda. y MagariÑos Cervantes","",https://www.zonaprop.com.ar/propiedades/clasificado/veclapin-venta-departamento-ph-2-ambientes-barrio-paternal-57451206.html
pending,74000,47,1574,2,"Teniente General Eustoquio Frías 500","",https://www.zonaprop.com.ar/propiedades/clasificado/veclapin-departamento-2-amb-47-m-sup2--frias-500-59031553.html
rejected,100000,50,2000,3,"oro . Entre Costa Rica y Nicaragua","",https://www.zonaprop.com.ar/propiedades/clasificado/veclapin-excelente-departamento-en-palermo.-aportunidad!-52792667.html
rejected,,396,,5,"Ruiz Huidobro 3752","",https://www.zonaprop.com.ar/propiedades/clasificado/veclcain-reservada-calida-casa-con-diseno.-3-dorm.-4-banos.-57378531.html
pending,70000,45,1556,2,"Luis Maria Drago 169","",https://www.zonaprop.com.ar/propiedades/clasificado/veclapin-monoambiente-dividido-villa-crespo-58703915.html
pending,79900,51,1567,2,"Gascon 1100. Entre Av Cordoba y Jose A. Cabrera","",https://www.zonaprop.com.ar/propiedades/clasificado/veclapin-departamento-2-ambientes-balcon-apto-credito-villa-58874098.html
pending,99000,58,1707,3,"Cuenca 3500","",https://www.zonaprop.com.ar/propiedades/clasificado/veclapin-venta-departamento-3-ambientes-devoto-centro-59097581.html
pending,84000,43,1953,2,"Lerma 0","",https://www.zonaprop.com.ar/propiedades/clasificado/veclphin-venta-ph-bajas-exp-en-villa-crespo-59074852.html
pending,78000,55,1418,3,"Caracas 1829","",https://www.zonaprop.com.ar/propiedades/clasificado/veclapin-3-amb-al-frente-con-balcon-tercer-piso-x-escalera-58913707.html
pending,85000,52,1635,2,"Avenida Albarellos 3100","",https://www.zonaprop.com.ar/propiedades/clasificado/veclapin-venta-depto-2-amb-balcon-v.-pueyrredon-apto-credit-59007971.html
rejected,63500,52,1221,2,"AV NAZCA 1425","",https://www.zonaprop.com.ar/propiedades/clasificado/veclapin-2-y-1-2-ambientes-lateral-super-luminoso-muy-buena-54598389.html
pending,89000,56,1589,2,"Avenida Corrientes 4800","",https://www.zonaprop.com.ar/propiedades/clasificado/veclapin-departamento-2-ambientes-av-corrientes-4800-58974873.html
pending,61500,55,1118,3,"AV. DE LOS CONSTITUYENTES  6200","",https://www.zonaprop.com.ar/propiedades/clasificado/veclapin-3-amb.-cfte.-muy-luminoso-3er.-piso-por-escalera-56671840.html
pending,95000,42,2262,1,"Charlone 555","",https://www.zonaprop.com.ar/propiedades/clasificado/veclapin-torre-con-multi-amenities-de-categoria!-vigilancia-56229960.html
rejected,98000,43,2279,2,"Libertad 1100","",https://www.zonaprop.com.ar/propiedades/clasificado/veclapin-departamento-2amb-mas-escritorio-58031826.html
pending,95000,65,1462,3,"Cnel .apolinario Figueroa al 400","",https://www.zonaprop.com.ar/propiedades/clasificado/veclapin-departamento-en-venta-de-3-ambientes-en-villa-crespo-58951625.html
rejected,99000,48,2063,3,"Juan B Justo al 2700","",https://www.zonaprop.com.ar/propiedades/clasificado/veclapin-departamento-en-venta.-3-ambientes-al-contrafrente.-58647815.html
pending,85000,44,1932,2,"Avenida Raúl Scalabrini Ortiz 1000","",https://www.zonaprop.com.ar/propiedades/clasificado/veclapin-duplex-c-patio-amenities-villa-crespo-oportunidad-59069711.html
rejected,75000,57,1316,2,"Álvarez Jonte 2800","",https://www.zonaprop.com.ar/propiedades/clasificado/veclapin-av-alvarez-jonte-2800-departamento-2-ambientes-57-58883261.html
pending,67000,40,1675,1,"Paraná  al 800","",https://www.zonaprop.com.ar/propiedades/clasificado/veclapin-departamento-en-recoleta-58772822.html
rejected,95000,46,2065,2,"Nogoya al 4500","",https://www.zonaprop.com.ar/propiedades/clasificado/veclapin-alquiler-departamento-de-2-amb-con-balcon-59040097.html
pending,89900,42,2140,2,"Argañarás 65","",https://www.zonaprop.com.ar/propiedades/clasificado/veclapin-ph-a-m-de-av-cordoba-y-zona-de-bares-de-palermo!-todo-58096359.html
pending,90000,61,1475,3,"Oportunidad! Dos Ambientes en Venta. Pacheco de Melo al 1800","",https://www.zonaprop.com.ar/propiedades/clasificado/veclapin-departamento-3-ambientes-en-recoleta-59035926.html
rejected,89000,45,1978,1,"Av. Córdoba 4869, Ciudad Autónoma de Buenos Aires, Argentina","",https://www.zonaprop.com.ar/propiedades/clasificado/veclapin-venta-departamento-monoambiente-divisible-en-palermo-58800385.html
pending,70000,45,1556,1,"DEL SIGNO 4085","",https://www.zonaprop.com.ar/propiedades/clasificado/vecllcin-palermo-retasado-excelente-inversion-local-del-signo-y-52323938.html
rejected,95000,41,2317,3,"Laprida al 1100","",https://www.zonaprop.com.ar/propiedades/clasificado/veclapin-departamento-en-recoleta-55876513.html
rejected,90000,45,2000,2,"Nuñez 3600","",https://www.zonaprop.com.ar/propiedades/clasificado/veclapin-departamento-en-venta-en-coghlan-capital-federal-56029568.html
pending,98000,63,1556,3,"Agüero 1500","",https://www.zonaprop.com.ar/propiedades/clasificado/veclapin-venta-depto-3-amb.-con-patio-techado-58993408.html
rejected,100000,42,2381,2,"Güemes 4218","",https://www.zonaprop.com.ar/propiedades/clasificado/veclapin-bustamante-prop-12541-venta-2-ambientes-palermo-58966435.html
pending,74000,40,1850,2,"Marcelo Torcuato de Alvear 2000","",https://www.zonaprop.com.ar/propiedades/clasificado/veclapin-loft-en-venta-2-ambientes-recoleta-bajas-expensas-59069467.html
rejected,95000,43,2209,3,"A. San Martin 1855","",https://www.zonaprop.com.ar/propiedades/clasificado/veclapin-av-san-martin-1855-4-f-depto.-3-amb-paternal-41401722.html
rejected,97000,42,2310,2,"Grecia 2949","",https://www.zonaprop.com.ar/propiedades/clasificado/veclapin-venta-departamento-de-2-ambientes-en-nunez-57581363.html
pending,95000,61,1557,3,"AV. J.b. Justo al 2300","",https://www.zonaprop.com.ar/propiedades/clasificado/veclapin-departamento-en-villa-crespo-56002074.html
rejected,85000,50,1700,2,"Padilla al 300","",https://www.zonaprop.com.ar/propiedades/clasificado/veclapin-moderno-dos-ambientes-en-villa-crespo-con-dos-patios-58833411.html
pending,1700,102,17,1,"Gallo 1000","",https://www.zonaprop.com.ar/propiedades/clasificado/veclapin-departamento-tipo-loft-patio-apto-credito-59069530.html
pending,76000,40,1900,2,"CONDE 740. Entre Federico lacroze y Garcia, teodoro","",https://www.zonaprop.com.ar/propiedades/clasificado/veclapin-venta-de-departamento-2-ambientes-en-colegiales-57214292.html
rejected,95000,42,2262,2,"Billinghurst 1400. Entre Mansilla y Paraguay","",https://www.zonaprop.com.ar/propiedades/clasificado/veclapin-2-ambientes-con-balcon-proximo-al-alto-palermo-57696587.html
pending,84000,46,1826,3,"Av. San Martin 1890","",https://www.zonaprop.com.ar/propiedades/clasificado/veclapin-tres-ambientes-con-balcon-frances-58941439.html
rejected,95000,87,1092,4,"(leg-1228) Juan Agustin Garcia  3658 - Excelente Ubicacion","",https://www.zonaprop.com.ar/propiedades/clasificado/veclphin-barrio-santa-rita-ph-interno-sin-expensas-54565731.html
rejected,99000,40,2475,2,"Blanco Encalada 2915","",https://www.zonaprop.com.ar/propiedades/clasificado/veclphin-ph-de-40-m-sup2--con-1-dormitorio-en-venta-en-belgrano-58561631.html
rejected,3,112,,3,"Arenales 3200","",https://www.zonaprop.com.ar/propiedades/clasificado/veclapin-arenales-y-coronel-diaz-112-m-frente-vista-balcon-57045255.html
pending,88200,50,1764,1,"Av Nazca 1500","",https://www.zonaprop.com.ar/propiedades/clasificado/veclapin-depto-venta-monoambiente-dividido-2-amb-ac-y-aprof-58934748.html
pending,90000,49,1837,2,"Valdenegro 4530","",https://www.zonaprop.com.ar/propiedades/clasificado/veclphin-ph-2-amb-al-medio-en-saavedra-58783705.html
pending,95000,45,2111,2,"Avenida Pueyrredon al 1900","",https://www.zonaprop.com.ar/propiedades/clasificado/veclapin-departamento-en-recoleta-59095357.html
pending,90000,60,1500,2,"Obispo San Alberto 3700","",https://www.zonaprop.com.ar/propiedades/clasificado/veclphin-obispo-san-alberto-3700-ph-sin-exp-60-m-sup2--2-amb-1-56521947.html
pending,84000,50,1680,1,"Concordia 3500","",https://www.zonaprop.com.ar/propiedades/clasificado/veclphin-ph-1-ambiente-concordia-3500-villa-devoto-caba-50-58765622.html
pending,78000,43,1814,2,"San Blas 2000","",https://www.zonaprop.com.ar/propiedades/clasificado/veclphin-venta-de-departamento-de-2-ambientes-en-paternal-58914554.html
rejected,98000,43,2279,2,"Trelles 1900. Entre Camarones y Alejandro MargariÑos Cervantes","",https://www.zonaprop.com.ar/propiedades/clasificado/veclapin-trelles-1900-villa-g.-mitre-2amb-desde-u$98.000-apto-47045858.html
pending,82000,64,1281,2,"Cucha Cucha 2200","",https://www.zonaprop.com.ar/propiedades/clasificado/veclphin-venta-ph-2-ambientes-64.44-m-sup2--con-patio-en-58878642.html
rejected,95000,40,2375,1,"pringles 1243","",https://www.zonaprop.com.ar/propiedades/clasificado/veclapin-retasado-monoambiente-grande-en-palermo-balcon-a-la-56207991.html
pending,91000,41,2220,2,"Moldes 2941 - 1° B","",https://www.zonaprop.com.ar/propiedades/clasificado/veclapin-departamento-2-ambientes-venta-nunez-58937247.html
pending,95000,57,1667,1,"Mario Bravo 1000, Ciudad Autónoma de Buenos Aires","",https://www.zonaprop.com.ar/propiedades/clasificado/veclapin-amplio-monoambiente-c-balcon-todo-sol-palermo-56148788.html
pending,96000,53,1811,3,"Avenida San Martin al 4200","",https://www.zonaprop.com.ar/propiedades/clasificado/veclapin-gran-departamento-tres-ambientes-en-villa-del-parque-59095279.html
pending,74000,42,1762,2,"Roosevelt 5021","",https://www.zonaprop.com.ar/propiedades/clasificado/veclapin-2-ambientes-en-zona-inmejorable!-58940110.html
pending,85000,48,1771,2,"La Pampa 5200","",https://www.zonaprop.com.ar/propiedades/clasificado/veclapin-departamento-2-ambientes-con-renta-agosto-2027-58859638.html
rejected,96000,45,2133,2,"Remedios de Escalada de san Martin  al 2700","",https://www.zonaprop.com.ar/propiedades/clasificado/veclapin-venta-departamento-2-ambientes-con-balcon-y-cochera-en-56919489.html
pending,82000,50,1640,3,"San Blas 2300","",https://www.zonaprop.com.ar/propiedades/clasificado/veclapin-san-blas-2300-departamento-3-ambientes-al-frente-58224976.html
pending,76000,48,1583,2,"Belaustegui al 3550 PB 2","",https://www.zonaprop.com.ar/propiedades/clasificado/veclapin-departamento-en-venta-oportunidad!-58705672.html
favorite,89000,64,1391,3,"Rodríguez Peña 691","",https://www.zonaprop.com.ar/propiedades/clasificado/veclapin-rodriguez-pena-y-cordoba-3amb-edificio-de-excel-categ-57355984.html
pending,85000,45,1889,2,"Aguirre 600. Entre Malabia y Acevedo","",https://www.zonaprop.com.ar/propiedades/clasificado/veclapin-aguirre-600-villa-crespo-2amb-u$85.000-50785698.html
pending,94000,43,2186,2,"Trelles 1900","",https://www.zonaprop.com.ar/propiedades/clasificado/veclapin-venta-departamento-2-ambientes-con-balcon-a-estrenar!-56006908.html
pending,,86,,4,"Billinghurst 900","",https://www.zonaprop.com.ar/propiedades/clasificado/veclapin-amplio-depto.-de-4-ambientes-con-dependencia-57887164.html
rejected,86000,41720,2,1,"Avenida San Martín 7234 3er piso","",https://www.zonaprop.com.ar/propiedades/clasificado/veclapin-monoambiente-divisible-con-balcon-terraza-en-villa-58357809.html
rejected,82000,40,2050,2,"Moldes al 2400","",https://www.zonaprop.com.ar/propiedades/clasificado/veclphin-venta-ph-belgrano-2-amb-58496144.html
rejected,87000,40,2175,2,"Bulnes 1800","",https://www.zonaprop.com.ar/propiedades/clasificado/veclapin-dos-ambientes-en-palermo-muy-cerca-de-plaza-guadalupe-58033238.html
rejected,95000,49,1939,3,"Avenida Raúl Scalabrini Ortiz 400","",https://www.zonaprop.com.ar/propiedades/clasificado/veclapin-dpto.-3-amb.-contrafrente-con-balcon-scalabrini-58552068.html
rejected,100000,41,2439,1,"Fitz Roy 1400","",https://www.zonaprop.com.ar/propiedades/clasificado/veclapin-departamento-venta-monoambiente-balcon-palermo-58629573.html
rejected,81900,63,1300,2,"Avenida Congreso 4800","",https://www.zonaprop.com.ar/propiedades/clasificado/veclapin-planta-baja-en-villa-urquiza-2-amb-y-medio!-58056063.html
rejected,95000,46,2065,3,"Av. Felix de Olazabal 2700","",https://www.zonaprop.com.ar/propiedades/clasificado/veclapin-alquiler-venta-58577193.html
pending,74000,47,1574,3,"Cucha Cucha 2137","",https://www.zonaprop.com.ar/propiedades/clasificado/veclapin-paternal-venta-3-ambientes-oportunidad-58723962.html
pending,89900,42,2140,2,"Guatemala al 4200","",https://www.zonaprop.com.ar/propiedades/clasificado/veclapin-venta-depto-2-amb-en-palermo-58743913.html
pending,75000,40,1875,2,"Araoz al 700","",https://www.zonaprop.com.ar/propiedades/clasificado/veclapin-departamento-villa-crespo-57122421.html
pending,81500,44,1852,2,"BELAUTEGUI 960","",https://www.zonaprop.com.ar/propiedades/clasificado/veclapin-2-ambientes-impecable-10-anos-antig.-apto-credito!-55257287.html
rejected,99000,47,2106,2,"Gurruchaga 2371","",https://www.zonaprop.com.ar/propiedades/clasificado/veclapin-departamento-amplio-como-nuevo-2-ambientes-con-patio-58774745.html
pending,96000,59,1627,2,"Paraná 800","",https://www.zonaprop.com.ar/propiedades/clasificado/veclapin-departamento-en-venta-en-barrio-norte-capital-58524791.html
pending,95000,49,1939,3,"Avenida Raúl Scalabrini Ortiz 400","",https://www.zonaprop.com.ar/propiedades/clasificado/veclapin-dpto.-3-amb.-contrafrente-con-balcon-scalabrini-58552068.html
pending,98000,61,1607,4,"Avenida Albarellos 3100","",https://www.zonaprop.com.ar/propiedades/clasificado/veclapin-venta-4-amb-en-villa-pueyrredon-balcon-y-cochera-58942337.html
rejected,79900,51,1567,2,"Gascon 1100. Entre Av cordoba y Jose a. cabrera","",https://www.zonaprop.com.ar/propiedades/clasificado/veclapin-departamento-2-ambientes-balcon-apto-credito-palermo-58526662.html
rejected,89999,67,1343,3,"Juan Ramírez de Velasco 250","",https://www.zonaprop.com.ar/propiedades/clasificado/veclapin-patio-central-que-ilumina-los-3-ambientes-bajas-57731106.html
pending,95990,61,1574,2,"Emilio Lamarca 2950","",https://www.zonaprop.com.ar/propiedades/clasificado/veclphin-magico-ph-a-la-venta-sin-expensas-y-con-patio-techado-58696060.html
pending,89900,48,1873,2,"Andrés Lamas 1900","",https://www.zonaprop.com.ar/propiedades/clasificado/veclphin-venta.-departamento.-2-ambientes.-andres-lamas-y-57488631.html
rejected,75000,65,1154,2,"Terrada 1435","",https://www.zonaprop.com.ar/propiedades/clasificado/veclapin-departamento-43318731.html
rejected,,112,,4,"Republica Árabe Siria 3065","",https://www.zonaprop.com.ar/propiedades/clasificado/veclapin-palacio-bellini-duplex-2-dorm-piso-alto-cochera-en-lo-56969867.html
pending,90000,52,1731,2,"ASUNCION 3208. Entre Cuenca y Av. San Martin","",https://www.zonaprop.com.ar/propiedades/clasificado/veclapin-agronomia-venta-2-ambientes-55606777.html
pending,75000,45,1667,2,"Miller 4580","",https://www.zonaprop.com.ar/propiedades/clasificado/veclapin-departamento-45-m-sup2--2-ambientes-55718228.html
pending,85000,45,1889,2,"Artigas 1800","",https://www.zonaprop.com.ar/propiedades/clasificado/veclapin-venta.-departamento-2-ambientes.-artigas-y-cervantes.-58958051.html
rejected,,300,,7,"Ugarteche 3221","",https://www.zonaprop.com.ar/propiedades/clasificado/veclapin-torre-camps-palermo-piso-muy-alto-4-dorm-3-coch-300-56694747.html
rejected,,70,,3,"Quesada 2710","",https://www.zonaprop.com.ar/propiedades/clasificado/veclappa-depto-3-ambientes-super-luminoso-con-balcon-70-m-sup2-58598128.html
rejected,,96,,4,"Avenida Córdoba 3386","",https://www.zonaprop.com.ar/propiedades/clasificado/veclappa-departamento-4-ambientes-c-dep-con-frente-av-cordoba-56746725.html
rejected,96000,66,1455,3,"César  Diaz 2885 - Planta Baja Frente","",https://www.zonaprop.com.ar/propiedades/clasificado/veclappa-dto-3-amb.-fte-todo-destino-super-ubicado-con-patio-59027542.html
pending,73000,47,1553,2,"Condarco 1460","",https://www.zonaprop.com.ar/propiedades/clasificado/veclappa-2-ambientes-con-balcon-al-frente-super-luminoso-58628760.html
pending,92000,62,1484,3,"Marcelo T. de Alvear 2030","",https://www.zonaprop.com.ar/propiedades/clasificado/veclphpa-ph-3-amb-p.-b.-apto-prof-ideal-airbnb-53303031.html
pending,93000,58,1603,2,"Emilio Lamarca 1700","",https://www.zonaprop.com.ar/propiedades/clasificado/veclappa-departamento-de-2-ambientes-en-planta-baja-con-patio-58172803.html
rejected,,40,,2,"Echeverría 1444","",https://www.zonaprop.com.ar/propiedades/clasificado/veclappa-dueno-directo-venta-departamento-belgrano-2-amb-muy-58650557.html
rejected,92000,52,1769,2,"Uriburu 1133","",https://www.zonaprop.com.ar/propiedades/clasificado/veclappa-depto-de-2-ambientes-amplios-en-barrio-recoleta.-a-58940285.html
rejected,,73,,3,"Aguirre","",https://www.zonaprop.com.ar/propiedades/clasificado/veclappa-3-ambientes-reciclado-villa-crespo-58602360.html
rejected,87000,97,897,2,"Punta Arenas 1858","",https://www.zonaprop.com.ar/propiedades/clasificado/veclphpa-ph-con-terraza-patio-un-dormitorio-y-balcon-no-58893529.html
pending,67800,42,1614,2,"Lascano 3743","",https://www.zonaprop.com.ar/propiedades/clasificado/veclappa-dueno-directo-vende-departamento-2-amb.-contrafrente.-58034705.html
rejected,,100,,6,"Av. S. Martín","",https://www.zonaprop.com.ar/propiedades/clasificado/veclappa-depto-en-primer-piso-refaccionado-enorme-oportunidad!-58675725.html
pending,89000,49,1816,2,"Santos Dumont 2525","",https://www.zonaprop.com.ar/propiedades/clasificado/veclappa-duenos-directo-vende-apto-credito-dos-ambientes-56749863.html
pending,,58,,3,"Honduras 6038 - Dueño Vende","",https://www.zonaprop.com.ar/propiedades/clasificado/veclappa-honduras-6000-3-ambientes-palermo-hollywood-59075734.html
rejected,,100,,3,"Doctor Pedro Ignacio Rivera 2470","",https://www.zonaprop.com.ar/propiedades/clasificado/veclappa-departamento-3-ambientes-en-venta-en-belgrano-con-58757761.html
pending,72000,44,1636,2,"General César Díaz 2999","",https://www.zonaprop.com.ar/propiedades/clasificado/veclappa-dueno-directo-vende-2-ambientes-frente-balcon-ascensor-59002642.html
rejected,,49,,2,"Malabia 2363","",https://www.zonaprop.com.ar/propiedades/clasificado/veclappa-dueno-dir-s-comis-2-amb-totalmente-nuevo!-vista-59025092.html
pending,,58,,3,"Álvarez Jonte 3785","",https://www.zonaprop.com.ar/propiedades/clasificado/veclappa-dueno-vende-departamento-3-ambientes-2-dorm.-complejo-58883085.html
pending,94500,50,1890,2,"Conesa","",https://www.zonaprop.com.ar/propiedades/clasificado/veclappa-dueno-directo-vende-2-ambientes-con-patio-en-belgrano-59041322.html
rejected,62000,43,1442,2,"Comuna 11","",https://www.zonaprop.com.ar/propiedades/clasificado/veclappa-venta-departamento-2-ambientes-villa-del-parque-58854511.html
rejected,85000,58,1466,3,"Marcelo Torcuato de Alvear 2030","",https://www.zonaprop.com.ar/propiedades/clasificado/veclphpa-departamento-ph-3-ambientes-recoleta-caba-permuta-en-46889590.html
rejected,99500,42,2369,2,"Mariscal Antonio José de Sucre 2538","",https://www.zonaprop.com.ar/propiedades/clasificado/veclappa-ph-en-pleno-belgrano-56141913.html
rejected,92000,62,1484,2,"Marcelo Torcuato de Alvear 2030","",https://www.zonaprop.com.ar/propiedades/clasificado/veclappa-depto-3-amb-p.-b.-apto-prof-ideal-airbnb-59104789.html
rejected,97000,45,2156,2,"Pinto 3200","",https://www.zonaprop.com.ar/propiedades/clasificado/veclappa-luminoso-departamento-en-coghlan-58930150.html
rejected,79500,341,233,2,"Avenida Forest 434","",https://www.zonaprop.com.ar/propiedades/clasificado/veclappa-excelente-dos-ambientes-cocina-independiente-6-piso-52930688.html
pending,69000,42,1643,2,"Av. Pueyrredón 1500","",https://www.zonaprop.com.ar/propiedades/clasificado/veclappa-2-ambientes-tipo-ph-pueyrredon-y-arenales-57740168.html
rejected,87900,97,906,2,"Punta Arenas 1858","",https://www.zonaprop.com.ar/propiedades/clasificado/veclphpa-ph-sin-expensas!-balcon-patio-y-terraza.-apto-58291151.html
rejected,,61,,3,"Av. Jorge Newbery","",https://www.zonaprop.com.ar/propiedades/clasificado/veclappa-departamento-en-chacarita-av-jorge-newberry-58650629.html
removed,,,,,"","",https://www.zonaprop.com.ar/propiedades/clasificado/veclphin-ph-en-venta-2-dorm.-1-bano-50-m-sup2--palermo-58888936.html
removed,,,,,"","",https://www.zonaprop.com.ar/propiedades/clasificado/veclapin-venta-departamento-villa-crespo-2-ambientes-y-59038575.html
removed,,,,,"","",https://www.zonaprop.com.ar/propiedades/clasificado/veclphin-ph-belgrano.-2-ambientes.-1er-piso-por-escalera.-57311712.html
removed,,,,,"","",https://www.zonaprop.com.ar/propiedades/clasificado/veclapin-venta-departamento-2amb-palermo-hollywood-balcon-58918244.html
removed,,,,,"","",https://www.zonaprop.com.ar/propiedades/clasificado/veclphin-ph-en-venta-2-dorm.-1-bano-50-m-sup2--palermo-58888936.html
removed,,,,,"","",https://www.zonaprop.com.ar/propiedades/clasificado/veclphin-venta-ph-4-ambientes-a-reciclar-con-patio-y-terraza-59054626.html
removed,,,,,"","",https://www.zonaprop.com.ar/propiedades/clasificado/veclapin-departamento-en-venta-2-ambientes-con-patio-en-villa-58950581.html
removed,,,,,"","",https://www.zonaprop.com.ar/propiedades/clasificado/veclphin-ph-en-venta-diaz-colodrero-al-3500-1-piso-x-escalera-58551859.html
removed,,,,,"","",https://www.zonaprop.com.ar/propiedades/clasificado/veclapin-departamento-villa-del-parque-dos-ambientes-patio-58758344.html
removed,,,,,"","",https://www.zonaprop.com.ar/propiedades/clasificado/veclapin-departamento-de-3-ambientes-en-venta!-apto-credito-55611839.html
removed,,,,,"","",https://www.zonaprop.com.ar/propiedades/clasificado/veclapin-amplio-2-ambientes-muy-luminoso-contrafrente-58063803.html
removed,,,,,"","",https://www.zonaprop.com.ar/propiedades/clasificado/veclphin-2-amb-ph-con-patio-107-m-sup2--sin-expensas-57751285.html
removed,,,,,"","",https://www.zonaprop.com.ar/propiedades/clasificado/veclapin-departamento-de-2-ambientes-con-orientacion-norte-58640380.html
removed,,,,,"","",https://www.zonaprop.com.ar/propiedades/clasificado/veclapin-quo-style-aguero-recoleta-frente.-balcon-terraza.-59055279.html
removed,,,,,"","",https://www.zonaprop.com.ar/propiedades/clasificado/veclapin-departamento-en-venta-caba-2-ambientes-con-balcon-58780831.html
removed,,,,,"","",https://www.zonaprop.com.ar/propiedades/clasificado/veclapin-departamento-3-ambientes-por-escalera-parque-chas-58542086.html
removed,,,,,"","",https://www.zonaprop.com.ar/propiedades/clasificado/veclapin-2-amb-lateral-c-balcon-56989703.html
removed,,,,,"","",https://www.zonaprop.com.ar/propiedades/clasificado/veclapin-increible-vista-panoramica-58855510.html
removed,,,,,"","",https://www.zonaprop.com.ar/propiedades/clasificado/veclapin-departamento-3-ambientes-por-escalera-parque-chas-58542086.html
removed,,,,,"","",https://www.zonaprop.com.ar/propiedades/clasificado/veclapin-departamento-villa-del-parque-dos-ambientes-patio-58758344.html
removed,,,,,"","",https://www.zonaprop.com.ar/propiedades/clasificado/veclapin-venta-2-ambientes-villa-pueyrredon-con-balcon-58419749.html
removed,,,,,"","",https://www.zonaprop.com.ar/propiedades/clasificado/veclapin-oportunidad-en-devoto-3-amb-sum-usd-99k-58820923.html
removed,,,,,"","",https://www.zonaprop.com.ar/propiedades/clasificado/veclapin-venta-2-ambientes-villa-pueyrredon-con-balcon-58419749.html
removed,,,,,"","",https://www.zonaprop.com.ar/propiedades/clasificado/veclapin-departamento-al-frente-con-orientacion-norte-58641317.html
removed,,,,,"","",https://www.zonaprop.com.ar/propiedades/clasificado/veclapin-2-amb-lateral-c-balcon-56989703.html
removed,,,,,"","",https://www.zonaprop.com.ar/propiedades/clasificado/veclapin-increible-vista-panoramica-58855510.html
removed,,,,,"","",https://www.zonaprop.com.ar/propiedades/clasificado/veclapin-departamento-en-pb-2-ambientes-y-1-2-con-patio.-53164909.html
removed,,,,,"","",https://www.zonaprop.com.ar/propiedades/clasificado/veclapin-departamento-3-ambientes-balcon-terraza-lavadero-58801095.html
removed,,,,,"","",https://www.zonaprop.com.ar/propiedades/clasificado/veclapin-departamento-de-1-ambiente-con-patio-integrado-en-58357594.html
removed,,,,,"","",https://www.zonaprop.com.ar/propiedades/clasificado/veclapin-departamento-dos-ambientes-en-venta-recoleta-58993049.html
removed,,,,,"","",https://www.zonaprop.com.ar/propiedades/clasificado/veclappa-departamento-en-venta-en-colegiales-capital-federal-58637436.html
removed,,,,,"","",https://www.zonaprop.com.ar/propiedades/clasificado/veclapin-monoambiente-divisible-c-pileta-parrilla-y-sum-y-58922542.html
removed,,,,,"","",https://www.zonaprop.com.ar/propiedades/clasificado/veclapin-departamento-3-amb-en-venta-villa-devoto-caba.-58958822.html
removed,,,,,"","",https://www.zonaprop.com.ar/propiedades/clasificado/veclapin-duplex-en-edificio-m-de-libertador-apto-credito-57596131.html
removed,,,,,"","",https://www.zonaprop.com.ar/propiedades/clasificado/veclapin-venta-departamento-en-palermo-58696166.html
removed,,,,,"","",https://www.zonaprop.com.ar/propiedades/clasificado/veclphin-venta-ph-en-vilal-general-mitre-duplex-58824122.html
removed,,,,,"","",https://www.zonaprop.com.ar/propiedades/clasificado/veclapin-venta-departamento-en-villa-general-mitre-duplex-58824117.html
removed,,,,,"","",https://www.zonaprop.com.ar/propiedades/clasificado/veclapin-departamento-de-2-ambientes-con-balcon-58841484.html
removed,,,,,"","",https://www.zonaprop.com.ar/propiedades/clasificado/veclapin-venta-3-ambientes-piso-alto-luminoso-vista-coghlan-58820200.html
removed,,,,,"","",https://www.zonaprop.com.ar/propiedades/clasificado/veclphin-venta-ph-en-vilal-general-mitre-duplex-58824122.html
removed,,,,,"","",https://www.zonaprop.com.ar/propiedades/clasificado/veclapin-venta-departamento-en-palermo-58696166.html
removed,,,,,"","",https://www.zonaprop.com.ar/propiedades/clasificado/veclapin-venta-departamento-en-belgrano-r-2-ambientes-al-58681442.html
removed,,,,,"","",https://www.zonaprop.com.ar/propiedades/clasificado/veclapin-venta-monoambiente-patio-amenities-parque-cha-58814238.html
removed,,,,,"","",https://www.zonaprop.com.ar/propiedades/clasificado/veclapin-venta-depto-2-amb-coghlan-oportunidad-59042558.html
removed,,,,,"","",https://www.zonaprop.com.ar/propiedades/clasificado/vecllcin-venta-local-80-m-sup2--galeria-los-andes-belgrano-58811836.html
removed,,,,,"","",https://www.zonaprop.com.ar/propiedades/clasificado/veclcoin-consultorio-venta-2-ambientes-recoleta-58810998.html
removed,,,,,"","",https://www.zonaprop.com.ar/propiedades/clasificado/veclapin-venta-depto.-3-amb.-villa-pueyrredon-apto-credito-58829675.html
removed,,,,,"","",https://www.zonaprop.com.ar/propiedades/clasificado/veclapin-venta-departamento-en-belgrano-r-2-ambientes-al-58681442.html
removed,,,,,"","",https://www.zonaprop.com.ar/propiedades/clasificado/veclapin-venta-3-amb-con-patio-en-palermo-59033112.html
removed,,,,,"","",https://www.zonaprop.com.ar/propiedades/clasificado/veclapin-listo-para-mudarte-o-alquilar!-la-mejor-inversion-58783052.html
removed,,,,,"","",https://www.zonaprop.com.ar/propiedades/clasificado/veclphin-ph-3-ambientes-villa-pueyrredon-45963931.html
removed,,,,,"","",https://www.zonaprop.com.ar/propiedades/clasificado/veclapin-venta-departamento-4-ambientes-villa-crespo-apto-58677731.html
removed,,,,,"","",https://www.zonaprop.com.ar/propiedades/clasificado/veclapin-increible-departamento-2-ambientes-en-recoleta-a-pasos-59002256.html
removed,,,,,"","",https://www.zonaprop.com.ar/propiedades/clasificado/veclapin-venta-departamento-2-amb-apto-credito-villa-devoto-58818573.html
removed,,,,,"","",https://www.zonaprop.com.ar/propiedades/clasificado/veclapin-2-amb-tipo-casa-2do.-por-esc-a-m-plaza-guadalupe-54452495.html
removed,,,,,"","",https://www.zonaprop.com.ar/propiedades/clasificado/veclapin-reservadoooo!-56738395.html
removed,,,,,"","",https://www.zonaprop.com.ar/propiedades/clasificado/veclapin-4-ambientes-en-venta-en-villa-crespo-a-reciclar-58933386.html
removed,,,,,"","",https://www.zonaprop.com.ar/propiedades/clasificado/veclapin-departamento-3-ambientes.-malabia-al-200-58993637.html
removed,,,,,"","",https://www.zonaprop.com.ar/propiedades/clasificado/veclapin-venta-departamento-dos-ambientes-en-palermo-58942715.html
removed,,,,,"","",https://www.zonaprop.com.ar/propiedades/clasificado/veclcain-casa-en-venta-en-belgrano-r-58292983.html
removed,,,,,"","",https://www.zonaprop.com.ar/propiedades/clasificado/veclapin-departamento-venta-colegiales-2-ambientes-balcon-58900021.html
removed,,,,,"","",https://www.zonaprop.com.ar/propiedades/clasificado/veclphin-charcas-5200-venta-ph-en-palermo-58873166.html
removed,,,,,"","",https://www.zonaprop.com.ar/propiedades/clasificado/veclapin-exelente-2-amb-cdad-de-la-paz-al-3000-nunez-56161909.html
removed,,,,,"","",https://www.zonaprop.com.ar/propiedades/clasificado/veclphin-venta-ph-bajas-exp-en-villa-crespo-58804136.html
removed,,,,,"","",https://www.zonaprop.com.ar/propiedades/clasificado/veclapin-monoambiente-en-venta-villa-crespo-apto-credito-58885275.html
removed,,,,,"","",https://www.zonaprop.com.ar/propiedades/clasificado/veclapin-departamento-de-3-ambientes-con-balcon-al-contrafrente-58616839.html
removed,,,,,"","",https://www.zonaprop.com.ar/propiedades/clasificado/veclapin-2-ambientes-en-exclusivo-complejo-de-2-edificios-de-54247111.html
removed,,,,,"","",https://www.zonaprop.com.ar/propiedades/clasificado/veclapin-departamento-3-amb-1-dormitorio-apto-credito-no-57326431.html
removed,,,,,"","",https://www.zonaprop.com.ar/propiedades/clasificado/veclappa-venta.-departamento-de-2-ambientes-amplio.-59024947.html
removed,,,,,"","",https://www.zonaprop.com.ar/propiedades/clasificado/veclapin-exclente-dos-ambientes-super-luminoso-con-amenities!-58900139.html
removed,,,,,"","",https://www.zonaprop.com.ar/propiedades/clasificado/veclapin-departamento-en-venta-2-ambientes-en-saavedra-caba-59020536.html
removed,,,,,"","",https://www.zonaprop.com.ar/propiedades/clasificado/veclapin-oportunidad-de-inversion.-2-ambientes-en-villa-del-58286199.html
removed,,,,,"","",https://www.zonaprop.com.ar/propiedades/clasificado/veclapin-venta-departamento-dos-ambientes-villa-devoto-58804349.html
removed,,,,,"","",https://www.zonaprop.com.ar/propiedades/clasificado/veclapin-gran-departamento-tres-ambientes-en-villa-del-parque-58995867.html
removed,,,,,"","",https://www.zonaprop.com.ar/propiedades/clasificado/veclphin-venta-ph-2-amb-con-patio-s-exp-exc.-ubicacion-58824996.html
removed,,,,,"","",https://www.zonaprop.com.ar/propiedades/clasificado/veclapin-2-ambientes-en-venta-complejo-solares!-imperdible!-54386823.html
removed,,,,,"","",https://www.zonaprop.com.ar/propiedades/clasificado/veclapin-mario-bravo-700-venta-departamento-de-dos-ambientes-57813768.html
removed,,,,,"","",https://www.zonaprop.com.ar/propiedades/clasificado/veclapin-departamento-venta-colegiales-2-ambientes-balcon-58900021.html
removed,,,,,"","",https://www.zonaprop.com.ar/propiedades/clasificado/veclapin-departamento-en-venta-en-belgrano-capital-federal-57824537.html
removed,,,,,"","",https://www.zonaprop.com.ar/propiedades/clasificado/veclapin-departamento-de-3-ambientes-en-venta-balcon-corrido-44188047.html
removed,,,,,"","",https://www.zonaprop.com.ar/propiedades/clasificado/veclapin-departamento-monoambiente-reciclado-todo-a-nuevo-59010962.html
removed,,,,,"","",https://www.zonaprop.com.ar/propiedades/clasificado/veclapin-sem.-4-amb.-balcon-baulera-terraza-a-restaurar-59056035.html
removed,,,,,"","",https://www.zonaprop.com.ar/propiedades/clasificado/veclapin-departamento-de-3-amb.-en-venta-villa-gral.-mitre-58959391.html
removed,,,,,"","",https://www.zonaprop.com.ar/propiedades/clasificado/veclapin-departamento-2-ambientes.-caracas-al-1700-58598548.html
removed,,,,,"","",https://www.zonaprop.com.ar/propiedades/clasificado/veclapin-departamento-en-belgrano-57159915.html
removed,,,,,"","",https://www.zonaprop.com.ar/propiedades/clasificado/veclapin-2-ambientes-luminoso-con-vista-abierta-apto-credito-58980079.html
removed,,,,,"","",https://www.zonaprop.com.ar/propiedades/clasificado/veclapin-departamento-en-venta-2-ambientes-en-saavedra-caba-59020536.html
removed,,,,,"","",https://www.zonaprop.com.ar/propiedades/clasificado/veclapin-sem.-4-amb.-balcon-baulera-terraza-a-restaurar-59056035.html
removed,,,,,"","",https://www.zonaprop.com.ar/propiedades/clasificado/veclphin-ph-en-villa-santa-rita-57201508.html
removed,,,,,"","",https://www.zonaprop.com.ar/propiedades/clasificado/veclapin-estrenar-departamento-monoambiente-en-venta-en-villa-57453116.html
removed,,,,,"","",https://www.zonaprop.com.ar/propiedades/clasificado/veclapin-departamento-en-venta-de-2-ambientes-en-recoleta-58897898.html
removed,,,,,"","",https://www.zonaprop.com.ar/propiedades/clasificado/veclapin-oportunidad-venta-dpto-3-ambientes-villa-crespo-59009386.html
removed,,,,,"","",https://www.zonaprop.com.ar/propiedades/clasificado/veclapin-venta-departamento-de-2-ambientes-muy-amplios-56306926.html
removed,,,,,"","",https://www.zonaprop.com.ar/propiedades/clasificado/veclapin-oportunidad-departamento-2-ambientes-en-palermo-soho-58256310.html
removed,,,,,"","",https://www.zonaprop.com.ar/propiedades/clasificado/veclapin-venta-departamento-dos-ambientes-en-palermo-58942715.html
removed,,,,,"","",https://www.zonaprop.com.ar/propiedades/clasificado/veclphin-ph-en-venta-villa-pueyrredon-terraza-50-m-58816478.html
removed,,,,,"","",https://www.zonaprop.com.ar/propiedades/clasificado/veclapin-oportunidad-departamento-2-ambientes-en-palermo-soho-58256310.html
removed,,,,,"","",https://www.zonaprop.com.ar/propiedades/clasificado/veclapin-departamento-de-1-ambiente-en-venta-en-villa-crespo-57753088.html
removed,,,,,"","",https://www.zonaprop.com.ar/propiedades/clasificado/veclapin-departamento-de-3-amb.-en-venta-villa-gral.-mitre-58959391.html
removed,,,,,"","",https://www.zonaprop.com.ar/propiedades/clasificado/veclapin-departamento-en-venta-2-ambientes-amplios-56208987.html
removed,,,,,"","",https://www.zonaprop.com.ar/propiedades/clasificado/veclapin-venta-3-amb-en-pb.-palermo-apto-credito-58811398.html
removed,,,,,"","",https://www.zonaprop.com.ar/propiedades/clasificado/veclapin-loft-en-venta-2-ambientes-recoleta-bajas-expensas-58801019.html
removed,,,,,"","",https://www.zonaprop.com.ar/propiedades/clasificado/veclapin-4-ambientes-balcon-al-frente-apto-credito-torres-47391767.html
removed,,,,,"","",https://www.zonaprop.com.ar/propiedades/clasificado/veclapin-departamento-3-ambientes-en-venta-al-frente-56732398.html
removed,,,,,"","",https://www.zonaprop.com.ar/propiedades/clasificado/veclapin-venta-depto.-2-amb.-con-balcon-villa-pueyrredon-59033678.html
removed,,,,,"","",https://www.zonaprop.com.ar/propiedades/clasificado/veclapin-oportunidad!.-comodo-3-ambientes-con-balcon-al-frente.-57730261.html
removed,,,,,"","",https://www.zonaprop.com.ar/propiedades/clasificado/veclapin-venta-nunez-2-ambientes-amplio-con-balcon-al-59036850.html
removed,,,,,"","",https://www.zonaprop.com.ar/propiedades/clasificado/veclapin-departamento-monoambiente-recoleta-uriburu-782--4-58821480.html
removed,,,,,"","",https://www.zonaprop.com.ar/propiedades/clasificado/veclapin-venta-departamento-de-3-ambientes-en-saavedra-58852257.html
removed,,,,,"","",https://www.zonaprop.com.ar/propiedades/clasificado/veclphin-venta-ph-3-amb-terraza-uso-comun-villa-crespo-59031686.html
removed,,,,,"","",https://www.zonaprop.com.ar/propiedades/clasificado/veclapin-3-ambientes-en-villa-del-parque-59032579.html
removed,,,,,"","",https://www.zonaprop.com.ar/propiedades/clasificado/veclapin-venta-departamento-2-amb-frente-villa-devoto-1-cuadra-58142815.html
removed,,,,,"","",https://www.zonaprop.com.ar/propiedades/clasificado/veclapin-ideal-2-ambientes-cerca-de-av-del-libertador-57820445.html
removed,,,,,"","",https://www.zonaprop.com.ar/propiedades/clasificado/veclphin-reservado-3-amb-patio-baulera-a-refac-.v.-devoto-58294375.html
removed,,,,,"","",https://www.zonaprop.com.ar/propiedades/clasificado/veclapin-venta-de-departamento-3-amb-con-balcones.-apto-56815782.html
removed,,,,,"","",https://www.zonaprop.com.ar/propiedades/clasificado/veclapin-departamento-en-villa-urquiza-57584828.html
removed,,,,,"","",https://www.zonaprop.com.ar/propiedades/clasificado/veclapin-arenales-y-talcahuano-40-m-2amb-amplios-cfte-reciclado-56125504.html
removed,,,,,"","",https://www.zonaprop.com.ar/propiedades/clasificado/veclapin-santa-fe-y-uriburu.-muy-luminoso-contrafrente-con-57181471.html
removed,,,,,"","",https://www.zonaprop.com.ar/propiedades/clasificado/veclapin-gran-departamento-tres-ambientes-en-villa-del-parque-58995867.html
removed,,,,,"","",https://www.zonaprop.com.ar/propiedades/clasificado/veclapin-departamento-en-villa-crespo-57110361.html
removed,,,,,"","",https://www.zonaprop.com.ar/propiedades/clasificado/veclapin-departamento-2-amb-zona-cid-hermosa-vista-58953379.html
removed,,,,,"","",https://www.zonaprop.com.ar/propiedades/clasificado/veclapin-departamento-3-ambientes-en-venta-al-frente-56732398.html
removed,,,,,"","",https://www.zonaprop.com.ar/propiedades/clasificado/veclapin-venta-3-amb-en-pb.-palermo-apto-credito-58811398.html
removed,,,,,"","",https://www.zonaprop.com.ar/propiedades/clasificado/veclcain-olazabal-y-artilleros-5-amb-patio-y-terraza-2-58245422.html
removed,,,,,"","",https://www.zonaprop.com.ar/propiedades/clasificado/veclapin-venta-2-ambientes-villa-urquiza-oportunidad-58972572.html
removed,,,,,"","",https://www.zonaprop.com.ar/propiedades/clasificado/veclapin-venta-3-ambientes-frente-con-balcon-apto-credito-58829138.html
removed,,,,,"","",https://www.zonaprop.com.ar/propiedades/clasificado/veclapin--venta-apto-credito-3-amb.-vista-abierta-sol-y-luz-58902790.html
removed,,,,,"","",https://www.zonaprop.com.ar/propiedades/clasificado/veclapin-3-ambientes-en-villa-del-parque-59032579.html
removed,,,,,"","",https://www.zonaprop.com.ar/propiedades/clasificado/veclapin-gutenberg-3053-55125259.html
removed,,,,,"","",https://www.zonaprop.com.ar/propiedades/clasificado/veclapin-venta-2-ambientes-en-recoleta-58350358.html
removed,,,,,"","",https://www.zonaprop.com.ar/propiedades/clasificado/veclapin-departamento-venta-saavedra-2-ambientes-y-cochera-58944460.html
removed,,,,,"","",https://www.zonaprop.com.ar/propiedades/clasificado/veclapin-venta-departamento-3-amb-reciclado-v.-santa-rita-58817957.html
removed,,,,,"","",https://www.zonaprop.com.ar/propiedades/clasificado/veclapin-venta-departamento-2-ambientes-villa-del-parque-58953139.html
removed,,,,,"","",https://www.zonaprop.com.ar/propiedades/clasificado/veclphin-sin-expensas-divino-ph-de-2-ambientes-en-pb-con-58222287.html
removed,,,,,"","",https://www.zonaprop.com.ar/propiedades/clasificado/veclphin-ph-4-ambientes-torrres-de-albarellos-52460424.html
removed,,,,,"","",https://www.zonaprop.com.ar/propiedades/clasificado/veclapin-venta-departamento-3-ambientes-con-balcon-villa-santa-58315829.html
removed,,,,,"","",https://www.zonaprop.com.ar/propiedades/clasificado/veclapin-departamento-2-amb-zona-cid-hermosa-vista-58953379.html
removed,,,,,"","",https://www.zonaprop.com.ar/propiedades/clasificado/veclapin-venta-semipiso-de-2-ambientes-con-balcon-en-villa-58928369.html
removed,,,,,"","",https://www.zonaprop.com.ar/propiedades/clasificado/veclphin-ph-en-villa-santa-rita-57201508.html
removed,,,,,"","",https://www.zonaprop.com.ar/propiedades/clasificado/veclcain-casa-en-venta-en-belgrano-r-58292983.html
removed,,,,,"","",https://www.zonaprop.com.ar/propiedades/clasificado/veclapin-dos-ambientes-en-colegiales-en-venta-58887210.html
removed,,,,,"","",https://www.zonaprop.com.ar/propiedades/clasificado/veclapin-venta-departamento-3-amb-villa-crespo-apto-credito-58998192.html
removed,,,,,"","",https://www.zonaprop.com.ar/propiedades/clasificado/veclapin-departamento-3-ambientes.-malabia-al-200-58993637.html
removed,,,,,"","",https://www.zonaprop.com.ar/propiedades/clasificado/veclapin-ideal-inversor!-hermoso-2-amb-en-complejo-full-58543466.html
removed,,,,,"","",https://www.zonaprop.com.ar/propiedades/clasificado/veclapin-departamento-en-belgrano-57159915.html
removed,,,,,"","",https://www.zonaprop.com.ar/propiedades/clasificado/veclphin-ph-al-frente-1ro-por-escalera-estado-bueno-3-amb-58838003.html
removed,,,,,"","",https://www.zonaprop.com.ar/propiedades/clasificado/veclcain-casa-vecina-a-plaza-arenales-devoto-p-remodela-58993711.html
removed,,,,,"","",https://www.zonaprop.com.ar/propiedades/clasificado/veclapin-departamento-2-amb-en-venta-villa-crespo-pb-patio-59007025.html
removed,,,,,"","",https://www.zonaprop.com.ar/propiedades/clasificado/veclapin-departamento-en-venta-de-2-ambientes-en-recoleta-58897898.html
removed,,,,,"","",https://www.zonaprop.com.ar/propiedades/clasificado/vecllcin-local-40-m-sup2--en-villa-devoto-58681350.html
removed,,,,,"","",https://www.zonaprop.com.ar/propiedades/clasificado/veclapin-departamento-en-recoleta-58995930.html
removed,,,,,"","",https://www.zonaprop.com.ar/propiedades/clasificado/veclapin-dos-ambientes-en-colegiales-en-venta-58887210.html
removed,,,,,"","",https://www.zonaprop.com.ar/propiedades/clasificado/veclapin-departamento-en-venta-2-ambientes-apto-credito-56371950.html
removed,,,,,"","",https://www.zonaprop.com.ar/propiedades/clasificado/veclapin-tres-ambientes-en-villa-crespo-56444953.html
removed,,,,,"","",https://www.zonaprop.com.ar/propiedades/clasificado/veclapin-departamento-monoambiente-reciclado-a-nuevo-saavedra-59042328.html
removed,,,,,"","",https://www.zonaprop.com.ar/propiedades/clasificado/veclapin-departamento-3-amb-con-balcon-55854011.html
removed,,,,,"","",https://www.zonaprop.com.ar/propiedades/clasificado/veclapin-monoambiente-en-venta-villa-crespo-apto-credito-58885275.html
removed,,,,,"","",https://www.zonaprop.com.ar/propiedades/clasificado/veclapin-3-ambientes-reciclado-a-nuevo!-58643445.html
removed,,,,,"","",https://www.zonaprop.com.ar/propiedades/clasificado/veclapin-departamento-de-2-ambientes-en-venta-ubicado-en-57927144.html
removed,,,,,"","",https://www.zonaprop.com.ar/propiedades/clasificado/veclapin-villa-crespo-2-amb-regios-av-corrientes-y-s.-ortiz-58622955.html
removed,,,,,"","",https://www.zonaprop.com.ar/propiedades/clasificado/veclapin-divino-monoambiente-divisible-42-m-sup2-45675965.html
removed,,,,,"","",https://www.zonaprop.com.ar/propiedades/clasificado/veclapin-exelente-2-amb-cdad-de-la-paz-al-3000-nunez-56161909.html
removed,,,,,"","",https://www.zonaprop.com.ar/propiedades/clasificado/veclapin-departamento-3-amb-con-balcon-55854011.html
removed,,,,,"","",https://www.zonaprop.com.ar/propiedades/clasificado/veclapin-departamento-3-ambientes-tercer-piso-amplio-y-58571078.html
removed,,,,,"","",https://www.zonaprop.com.ar/propiedades/clasificado/veclapin-divino-monoambiente-divisible-42-m-sup2-45675965.html
removed,,,,,"","",https://www.zonaprop.com.ar/propiedades/clasificado/veclapin-gutenberg-3053-55125259.html
removed,,,,,"","",https://www.zonaprop.com.ar/propiedades/clasificado/veclapin-terrero-2600-departamento-3-ambientes-balcon-contra-55626638.html
removed,,,,,"","",https://www.zonaprop.com.ar/propiedades/clasificado/veclapin-departamento-en-venta-de-2-ambientes-en-recoleta-58897887.html
removed,,,,,"","",https://www.zonaprop.com.ar/propiedades/clasificado/veclapin-3-ambientes-reciclado-a-nuevo!-58643445.html
removed,,,,,"","",https://www.zonaprop.com.ar/propiedades/clasificado/veclapin-lascano-3700-departamento-4-ambientes-frente-balcon-58991795.html
removed,,,,,"","",https://www.zonaprop.com.ar/propiedades/clasificado/veclapin-duplex-c-patio-amenities-villa-crespo-oportunidad-58801204.html
removed,,,,,"","",https://www.zonaprop.com.ar/propiedades/clasificado/veclphin-venta-ph-bajas-exp-en-villa-crespo-58804136.html
removed,,,,,"","",https://www.zonaprop.com.ar/propiedades/clasificado/veclapin-villa-crespo-2-amb-regios-av-corrientes-y-s.-ortiz-58622955.html
removed,,,,,"","",https://www.zonaprop.com.ar/propiedades/clasificado/veclapin-venta-3-ambientes-amenabar-y-mendoza-belgrano-58062666.html
removed,,,,,"","",https://www.zonaprop.com.ar/propiedades/clasificado/vecllcin-sin-expensas-divino-local-de-2-ambientes-con-patio-y-56112198.html
removed,,,,,"","",https://www.zonaprop.com.ar/propiedades/clasificado/veclapin-tres-ambientes-en-villa-crespo-56444953.html
removed,,,,,"","",https://www.zonaprop.com.ar/propiedades/clasificado/veclapin-venta-2-ambientes-villa-urquiza-oportunidad-58972572.html
removed,,,,,"","",https://www.zonaprop.com.ar/propiedades/clasificado/veclapin-venta-departamento-3-ambientes-con-dependencias-y-54600132.html
removed,,,,,"","",https://www.zonaprop.com.ar/propiedades/clasificado/veclphin-departamento-ph-en-venta-en-palermo-capital-federal-58823136.html
removed,,,,,"","",https://www.zonaprop.com.ar/propiedades/clasificado/veclapin-departamento-monoambiente-reciclado-a-nuevo-saavedra-59042328.html
removed,,,,,"","",https://www.zonaprop.com.ar/propiedades/clasificado/veclapin-venta-3-amb-con-renta-villa-crespo-contrafrente-59060492.html
removed,,,,,"","",https://www.zonaprop.com.ar/propiedades/clasificado/veclapin-2-ambientes-luminoso-con-vista-abierta-apto-credito-58980079.html
removed,,,,,"","",https://www.zonaprop.com.ar/propiedades/clasificado/veclphin-departamento-ph-en-venta-en-saavedra-capital-federal-58564166.html
removed,,,,,"","",https://www.zonaprop.com.ar/propiedades/clasificado/veclapin-departamento-monoambiente-reciclado-a-nuevo-saavedra-59010968.html
removed,,,,,"","",https://www.zonaprop.com.ar/propiedades/clasificado/veclapin-venta-ph-2-amb-42-m-sup2--luminoso-subte-d-ugarte-2300-59058196.html
removed,,,,,"","",https://www.zonaprop.com.ar/propiedades/clasificado/veclapin-venta-3-ambientes-villa-devoto-58-m-sup2--semipiso-59058090.html
removed,,,,,"","",https://www.zonaprop.com.ar/propiedades/clasificado/veclappa-dueno-vende-3-ambientes-frente-con-balcon-cochera-58626429.html
removed,,,,,"","",https://www.zonaprop.com.ar/propiedades/clasificado/veclappa-dos-ambientes-cocina-independiente-6-piso-52930688.html
removed,,,,,"","",https://www.zonaprop.com.ar/propiedades/clasificado/veclappa-depto-3-ambientes-en-esq.-super-luminoso-con-balcon-58574720.html
removed,,,,,"","",https://www.zonaprop.com.ar/propiedades/clasificado/veclappa-2-amb-villa-urquiza-apto-credito.-sin-comision-58736378.html
removed,,,,,"","",https://www.zonaprop.com.ar/propiedades/clasificado/veclappa-dueno-alquila-vende-58583745.html
removed,,,,,"","",https://www.zonaprop.com.ar/propiedades/clasificado/veclphpa-depto-ph-3-amb-p.-b.-apto-prof-ideal-airbnb-53303031.html
removed,,,,,"","",https://www.zonaprop.com.ar/propiedades/clasificado/veclappa-av-del-libertador-6255-piso-8-contrafrente-con-vista-58693174.html
removed,,,,,"","",https://www.zonaprop.com.ar/propiedades/clasificado/veclappa-oferta!-hermoso-departamento-58697336.html
removed,,,,,"","",https://www.zonaprop.com.ar/propiedades/clasificado/veclappa-dueno-alquila-vende-58583745.html
removed,,,,,"","",https://www.zonaprop.com.ar/propiedades/clasificado/veclappa-dos-ambientes-cocina-independiente-6-piso-52930688.html
removed,,,,,"","",https://www.zonaprop.com.ar/propiedades/clasificado/veclappa-depto-3-ambientes-en-esq.-super-luminoso-con-balcon-58574720.html
removed,,,,,"","",https://www.zonaprop.com.ar/propiedades/clasificado/veclphpa-depto-ph-3-amb-p.-b.-apto-prof-ideal-airbnb-53303031.html
removed,,,,,"","",https://www.zonaprop.com.ar/propiedades/clasificado/veclappa-2-amb-villa-urquiza-apto-credito.-sin-comision-58736378.html